This file contains any messages produced by compilers while
running configure, to aid debugging if configure makes a mistake.

It was created by XZ Utils configure 5.4.2, which was
generated by GNU Autoconf 2.71.  Invocation command line was

  $ /home/wanderer/Jobs/dsnote-qt6/external/xz/configure --prefix=/home/wanderer/Jobs/dsnote-qt6/build/external --libdir=/home/wanderer/Jobs/dsnote-qt6/build/external/lib --enable-xz --disable-xzdec --disable-lzmadec --disable-lzmainfo --disable-lzma-links --disable-scripts --disable-doc --disable-shared --enable-static --with-pic

## --------- ##
## Platform. ##
## --------- ##

hostname = erimos
uname -m = x86_64
uname -r = 6.18.26-calculate
uname -s = Linux
uname -v = #1 SMP PREEMPT_DYNAMIC Fri May  1 14:58:06 UTC 2026

/usr/bin/uname -p = AMD Ryzen 7 PRO 3700U w/ Radeon Vega Mobile Gfx
/bin/uname -X     = unknown

/bin/arch              = unknown
/usr/bin/arch -k       = unknown
/usr/convex/getsysinfo = unknown
/usr/bin/hostinfo      = unknown
/bin/machine           = unknown
/usr/bin/oslevel       = unknown
/bin/universe          = unknown

PATH: /home/wanderer/.platformio/packages/tool-mklittlefs/bin/
PATH: /home/wanderer/.local/bin/
PATH: /usr/local/sbin/
PATH: /usr/local/bin/
PATH: /usr/sbin/
PATH: /usr/bin/
PATH: /sbin/
PATH: /bin/
PATH: /opt/bin/
PATH: /usr/lib/llvm/21/bin/
PATH: /etc/eselect/wine/bin/
PATH: /usr/lib64/opencascade/bin/
PATH: /home/wanderer/.local/share/JetBrains/Toolbox/scripts/


## ----------- ##
## Core tests. ##
## ----------- ##

configure:3212: looking for aux files: config.rpath ltmain.sh compile missing install-sh config.guess config.sub
configure:3225:  trying /home/wanderer/Jobs/dsnote-qt6/external/xz/build-aux/
configure:3254:   /home/wanderer/Jobs/dsnote-qt6/external/xz/build-aux/config.rpath found
configure:3254:   /home/wanderer/Jobs/dsnote-qt6/external/xz/build-aux/ltmain.sh found
configure:3254:   /home/wanderer/Jobs/dsnote-qt6/external/xz/build-aux/compile found
configure:3254:   /home/wanderer/Jobs/dsnote-qt6/external/xz/build-aux/missing found
configure:3236:   /home/wanderer/Jobs/dsnote-qt6/external/xz/build-aux/install-sh found
configure:3254:   /home/wanderer/Jobs/dsnote-qt6/external/xz/build-aux/config.guess found
configure:3254:   /home/wanderer/Jobs/dsnote-qt6/external/xz/build-aux/config.sub found
configure:3384: checking build system type
configure:3399: result: x86_64-pc-linux-gnu
configure:3419: checking host system type
configure:3433: result: x86_64-pc-linux-gnu
configure:3493: checking if debugging code should be compiled
configure:3510: result: no
configure:3553: checking which encoders to build
configure:3652: result: lzma1 lzma2 delta x86 powerpc ia64 arm armthumb arm64 sparc
configure:3656: checking which decoders to build
configure:3755: result: lzma1 lzma2 delta x86 powerpc ia64 arm armthumb arm64 sparc
configure:4121: checking which match finders to build
configure:4177: result: hc3 hc4 bt2 bt3 bt4
configure:4195: checking which integrity checks to build
configure:4238: result: crc32 crc64 sha256
configure:4270: checking if external SHA-256 should be used
configure:4287: result: no
configure:4296: checking if MicroLZMA support should be built
configure:4308: result: yes
configure:4331: checking if .lz (lzip) decompression support should be built
configure:4349: result: yes
configure:4369: checking if assembler optimizations should be used
configure:4393: result: no
configure:4430: checking if small size is preferred over speed
configure:4449: result: no
configure:4465: checking if threading support is wanted
configure:4492: result: yes, posix
configure:4525: checking how much RAM to assume if the real amount is unknown
configure:4541: result: 128 MiB
configure:4679: checking if sandboxing should be used
configure:4691: result: maybe (autodetect)
configure:4749: checking for a shell that conforms to POSIX
configure:4791: result: /bin/sh
configure:4833: checking for a BSD-compatible install
configure:4906: result: /usr/bin/install -c
configure:4917: checking whether build environment is sane
configure:4972: result: yes
configure:5131: checking for a race-free mkdir -p
configure:5175: result: /bin/mkdir -p
configure:5182: checking for gawk
configure:5203: found /usr/bin/gawk
configure:5214: result: gawk
configure:5225: checking whether make sets $(MAKE)
configure:5248: result: yes
configure:5278: checking whether make supports nested variables
configure:5296: result: yes
configure:5432: checking whether ln -s works
configure:5436: result: yes
configure:5457: checking whether make supports the include directive
configure:5472: make -f confmf.GNU && cat confinc.out
make[3]: Entering directory '/home/wanderer/Jobs/dsnote-qt6/build/external/xz'
make[3]: Leaving directory '/home/wanderer/Jobs/dsnote-qt6/build/external/xz'
this is the am__doit target
configure:5475: $? = 0
configure:5494: result: yes (GNU style)
configure:5570: checking for gcc
configure:5591: found /usr/bin/gcc
configure:5602: result: gcc
configure:5955: checking for C compiler version
configure:5964: gcc --version >&5
gcc (Gentoo 15.2.1_p20260214 p5) 15.2.1 20260214
Copyright (C) 2025 Free Software Foundation, Inc.
This is free software; see the source for copying conditions.  There is NO
warranty; not even for MERCHANTABILITY or FITNESS FOR A PARTICULAR PURPOSE.

configure:5975: $? = 0
configure:5964: gcc -v >&5
Using built-in specs.
COLLECT_GCC=gcc
COLLECT_LTO_WRAPPER=/usr/libexec/gcc/x86_64-pc-linux-gnu/15/lto-wrapper
OFFLOAD_TARGET_NAMES=nvptx-none
OFFLOAD_TARGET_DEFAULT=1
Target: x86_64-pc-linux-gnu
Configured with: /var/calculate/tmp/portage/sys-devel/gcc-15.2.1_p20260214/work/gcc-15-20260214/configure --host=x86_64-pc-linux-gnu --build=x86_64-pc-linux-gnu --prefix=/usr --bindir=/usr/x86_64-pc-linux-gnu/gcc-bin/15 --includedir=/usr/lib/gcc/x86_64-pc-linux-gnu/15/include --datadir=/usr/share/gcc-data/x86_64-pc-linux-gnu/15 --mandir=/usr/share/gcc-data/x86_64-pc-linux-gnu/15/man --infodir=/usr/share/gcc-data/x86_64-pc-linux-gnu/15/info --with-gxx-include-dir=/usr/lib/gcc/x86_64-pc-linux-gnu/15/include/g++-v15 --disable-silent-rules --disable-dependency-tracking --with-python-dir=/share/gcc-data/x86_64-pc-linux-gnu/15/python --enable-languages=c,c++,objc,fortran --enable-obsolete --enable-secureplt --disable-werror --with-system-zlib --enable-nls --without-included-gettext --disable-libunwind-exceptions --enable-checking=release --with-bugurl=https://bugs.gentoo.org/ --with-pkgversion='Gentoo 15.2.1_p20260214 p5' --with-gcc-major-version-only --enable-libstdcxx-time --enable-lto --disable-libstdcxx-pch --enable-linker-build-id --enable-shared --enable-threads=posix --enable-__cxa_atexit --enable-clocale=gnu --enable-multilib --with-multilib-list=m32,m64 --disable-fixed-point --enable-targets=all --enable-offload-defaulted --enable-offload-targets=nvptx-none --enable-libgomp --disable-libssp --disable-libada --enable-cet --disable-systemtap --disable-valgrind-annotations --disable-vtable-verify --disable-libvtv --with-zstd --with-isl --disable-isl-version-check --enable-default-pie --enable-host-pie --enable-host-bind-now --enable-default-ssp --disable-fixincludes --with-gxx-libcxx-include-dir=/usr/include/c++/v1 --with-build-config=bootstrap-cet
Thread model: posix
Supported LTO compression algorithms: zlib zstd
gcc version 15.2.1 20260214 (Gentoo 15.2.1_p20260214 p5) 
... rest of stderr output deleted ...
configure:5975: $? = 0
configure:5964: gcc -V >&5
gcc: error: unrecognized command-line option '-V'
gcc: fatal error: no input files
compilation terminated.
configure:5975: $? = 1
configure:5964: gcc -qversion >&5
gcc: error: unrecognized command-line option '-qversion'; did you mean '--version'?
gcc: fatal error: no input files
compilation terminated.
configure:5975: $? = 1
configure:5964: gcc -version >&5
gcc: error: unrecognized command-line option '-version'
gcc: fatal error: no input files
compilation terminated.
configure:5975: $? = 1
configure:5995: checking whether the C compiler works
configure:6017: gcc    conftest.c  >&5
configure:6021: $? = 0
configure:6071: result: yes
configure:6074: checking for C compiler default output file name
configure:6076: result: a.out
configure:6082: checking for suffix of executables
configure:6089: gcc -o conftest    conftest.c  >&5
configure:6093: $? = 0
configure:6116: result: 
configure:6138: checking whether we are cross compiling
configure:6146: gcc -o conftest    conftest.c  >&5
configure:6150: $? = 0
configure:6157: ./conftest
configure:6161: $? = 0
configure:6176: result: no
configure:6181: checking for suffix of object files
configure:6204: gcc -c   conftest.c >&5
configure:6208: $? = 0
configure:6230: result: o
configure:6234: checking whether the compiler supports GNU C
configure:6254: gcc -c   conftest.c >&5
configure:6254: $? = 0
configure:6264: result: yes
configure:6275: checking whether gcc accepts -g
configure:6296: gcc -c -g  conftest.c >&5
configure:6296: $? = 0
configure:6340: result: yes
configure:6360: checking for gcc option to enable C11 features
configure:6375: gcc  -c -g -O2  conftest.c >&5
conftest.c: In function 'e':
conftest.c:58:14: warning: old-style function definition [-Wold-style-definition]
   58 | static char *e (p, i)
      |              ^
configure:6375: $? = 0
configure:6393: result: none needed
configure:6509: checking whether gcc understands -c and -o together
configure:6532: gcc -c conftest.c -o conftest2.o
configure:6535: $? = 0
configure:6532: gcc -c conftest.c -o conftest2.o
configure:6535: $? = 0
configure:6547: result: yes
configure:6566: checking dependency style of gcc
configure:6678: result: gcc3
configure:6708: checking dependency style of gcc
configure:6818: result: gcc3
configure:6838: checking for stdio.h
configure:6838: gcc -c -g -O2  conftest.c >&5
configure:6838: $? = 0
configure:6838: result: yes
configure:6838: checking for stdlib.h
configure:6838: gcc -c -g -O2  conftest.c >&5
configure:6838: $? = 0
configure:6838: result: yes
configure:6838: checking for string.h
configure:6838: gcc -c -g -O2  conftest.c >&5
configure:6838: $? = 0
configure:6838: result: yes
configure:6838: checking for inttypes.h
configure:6838: gcc -c -g -O2  conftest.c >&5
configure:6838: $? = 0
configure:6838: result: yes
configure:6838: checking for stdint.h
configure:6838: gcc -c -g -O2  conftest.c >&5
configure:6838: $? = 0
configure:6838: result: yes
configure:6838: checking for strings.h
configure:6838: gcc -c -g -O2  conftest.c >&5
configure:6838: $? = 0
configure:6838: result: yes
configure:6838: checking for sys/stat.h
configure:6838: gcc -c -g -O2  conftest.c >&5
configure:6838: $? = 0
configure:6838: result: yes
configure:6838: checking for sys/types.h
configure:6838: gcc -c -g -O2  conftest.c >&5
configure:6838: $? = 0
configure:6838: result: yes
configure:6838: checking for unistd.h
configure:6838: gcc -c -g -O2  conftest.c >&5
configure:6838: $? = 0
configure:6838: result: yes
configure:6838: checking for wchar.h
configure:6838: gcc -c -g -O2  conftest.c >&5
configure:6838: $? = 0
configure:6838: result: yes
configure:6838: checking for minix/config.h
configure:6838: gcc -c -g -O2  conftest.c >&5
conftest.c:82:10: fatal error: minix/config.h: No such file or directory
   82 | #include <minix/config.h>
      |          ^~~~~~~~~~~~~~~~
compilation terminated.
configure:6838: $? = 1
configure: failed program was:
| /* confdefs.h */
| #define PACKAGE_NAME "XZ Utils"
| #define PACKAGE_TARNAME "xz"
| #define PACKAGE_VERSION "5.4.2"
| #define PACKAGE_STRING "XZ Utils 5.4.2"
| #define PACKAGE_BUGREPORT "xz@tukaani.org"
| #define PACKAGE_URL "https://tukaani.org/xz/"
| #define NDEBUG 1
| #define HAVE_ENCODER_LZMA1 1
| #define HAVE_ENCODER_LZMA2 1
| #define HAVE_ENCODER_DELTA 1
| #define HAVE_ENCODER_X86 1
| #define HAVE_ENCODER_POWERPC 1
| #define HAVE_ENCODER_IA64 1
| #define HAVE_ENCODER_ARM 1
| #define HAVE_ENCODER_ARMTHUMB 1
| #define HAVE_ENCODER_ARM64 1
| #define HAVE_ENCODER_SPARC 1
| #define HAVE_ENCODERS 1
| #define HAVE_DECODER_LZMA1 1
| #define HAVE_DECODER_LZMA2 1
| #define HAVE_DECODER_DELTA 1
| #define HAVE_DECODER_X86 1
| #define HAVE_DECODER_POWERPC 1
| #define HAVE_DECODER_IA64 1
| #define HAVE_DECODER_ARM 1
| #define HAVE_DECODER_ARMTHUMB 1
| #define HAVE_DECODER_ARM64 1
| #define HAVE_DECODER_SPARC 1
| #define HAVE_DECODERS 1
| #define HAVE_MF_HC3 1
| #define HAVE_MF_HC4 1
| #define HAVE_MF_BT2 1
| #define HAVE_MF_BT3 1
| #define HAVE_MF_BT4 1
| #define HAVE_CHECK_CRC32 1
| #define HAVE_CHECK_CRC64 1
| #define HAVE_CHECK_SHA256 1
| #define HAVE_LZIP_DECODER 1
| #define ASSUME_RAM 128
| #define PACKAGE "xz"
| #define VERSION "5.4.2"
| #define HAVE_STDIO_H 1
| #define HAVE_STDLIB_H 1
| #define HAVE_STRING_H 1
| #define HAVE_INTTYPES_H 1
| #define HAVE_STDINT_H 1
| #define HAVE_STRINGS_H 1
| #define HAVE_SYS_STAT_H 1
| #define HAVE_SYS_TYPES_H 1
| #define HAVE_UNISTD_H 1
| #define HAVE_WCHAR_H 1
| /* end confdefs.h.  */
| #include <stddef.h>
| #ifdef HAVE_STDIO_H
| # include <stdio.h>
| #endif
| #ifdef HAVE_STDLIB_H
| # include <stdlib.h>
| #endif
| #ifdef HAVE_STRING_H
| # include <string.h>
| #endif
| #ifdef HAVE_INTTYPES_H
| # include <inttypes.h>
| #endif
| #ifdef HAVE_STDINT_H
| # include <stdint.h>
| #endif
| #ifdef HAVE_STRINGS_H
| # include <strings.h>
| #endif
| #ifdef HAVE_SYS_TYPES_H
| # include <sys/types.h>
| #endif
| #ifdef HAVE_SYS_STAT_H
| # include <sys/stat.h>
| #endif
| #ifdef HAVE_UNISTD_H
| # include <unistd.h>
| #endif
| #include <minix/config.h>
configure:6838: result: no
configure:6869: checking whether it is safe to define __EXTENSIONS__
configure:6888: gcc -c -g -O2  conftest.c >&5
configure:6888: $? = 0
configure:6896: result: yes
configure:6899: checking whether _XOPEN_SOURCE should be defined
configure:6921: gcc -c -g -O2  conftest.c >&5
configure:6921: $? = 0
configure:6948: result: no
configure:7009: checking for a sed that does not truncate output
configure:7079: result: /bin/sed
configure:7089: checking how to run the C preprocessor
configure:7115: gcc -E  conftest.c
configure:7115: $? = 0
configure:7130: gcc -E  conftest.c
conftest.c:71:10: fatal error: ac_nonexistent.h: No such file or directory
   71 | #include <ac_nonexistent.h>
      |          ^~~~~~~~~~~~~~~~~~
compilation terminated.
configure:7130: $? = 1
configure: failed program was:
| /* confdefs.h */
| #define PACKAGE_NAME "XZ Utils"
| #define PACKAGE_TARNAME "xz"
| #define PACKAGE_VERSION "5.4.2"
| #define PACKAGE_STRING "XZ Utils 5.4.2"
| #define PACKAGE_BUGREPORT "xz@tukaani.org"
| #define PACKAGE_URL "https://tukaani.org/xz/"
| #define NDEBUG 1
| #define HAVE_ENCODER_LZMA1 1
| #define HAVE_ENCODER_LZMA2 1
| #define HAVE_ENCODER_DELTA 1
| #define HAVE_ENCODER_X86 1
| #define HAVE_ENCODER_POWERPC 1
| #define HAVE_ENCODER_IA64 1
| #define HAVE_ENCODER_ARM 1
| #define HAVE_ENCODER_ARMTHUMB 1
| #define HAVE_ENCODER_ARM64 1
| #define HAVE_ENCODER_SPARC 1
| #define HAVE_ENCODERS 1
| #define HAVE_DECODER_LZMA1 1
| #define HAVE_DECODER_LZMA2 1
| #define HAVE_DECODER_DELTA 1
| #define HAVE_DECODER_X86 1
| #define HAVE_DECODER_POWERPC 1
| #define HAVE_DECODER_IA64 1
| #define HAVE_DECODER_ARM 1
| #define HAVE_DECODER_ARMTHUMB 1
| #define HAVE_DECODER_ARM64 1
| #define HAVE_DECODER_SPARC 1
| #define HAVE_DECODERS 1
| #define HAVE_MF_HC3 1
| #define HAVE_MF_HC4 1
| #define HAVE_MF_BT2 1
| #define HAVE_MF_BT3 1
| #define HAVE_MF_BT4 1
| #define HAVE_CHECK_CRC32 1
| #define HAVE_CHECK_CRC64 1
| #define HAVE_CHECK_SHA256 1
| #define HAVE_LZIP_DECODER 1
| #define ASSUME_RAM 128
| #define PACKAGE "xz"
| #define VERSION "5.4.2"
| #define HAVE_STDIO_H 1
| #define HAVE_STDLIB_H 1
| #define HAVE_STRING_H 1
| #define HAVE_INTTYPES_H 1
| #define HAVE_STDINT_H 1
| #define HAVE_STRINGS_H 1
| #define HAVE_SYS_STAT_H 1
| #define HAVE_SYS_TYPES_H 1
| #define HAVE_UNISTD_H 1
| #define HAVE_WCHAR_H 1
| #define STDC_HEADERS 1
| #define _ALL_SOURCE 1
| #define _DARWIN_C_SOURCE 1
| #define _GNU_SOURCE 1
| #define _HPUX_ALT_XOPEN_SOCKET_API 1
| #define _NETBSD_SOURCE 1
| #define _OPENBSD_SOURCE 1
| #define _POSIX_PTHREAD_SEMANTICS 1
| #define __STDC_WANT_IEC_60559_ATTRIBS_EXT__ 1
| #define __STDC_WANT_IEC_60559_BFP_EXT__ 1
| #define __STDC_WANT_IEC_60559_DFP_EXT__ 1
| #define __STDC_WANT_IEC_60559_FUNCS_EXT__ 1
| #define __STDC_WANT_IEC_60559_TYPES_EXT__ 1
| #define __STDC_WANT_LIB_EXT2__ 1
| #define __STDC_WANT_MATH_SPEC_FUNCS__ 1
| #define _TANDEM_SOURCE 1
| #define __EXTENSIONS__ 1
| /* end confdefs.h.  */
| #include <ac_nonexistent.h>
configure:7157: result: gcc -E
configure:7171: gcc -E  conftest.c
configure:7171: $? = 0
configure:7186: gcc -E  conftest.c
conftest.c:71:10: fatal error: ac_nonexistent.h: No such file or directory
   71 | #include <ac_nonexistent.h>
      |          ^~~~~~~~~~~~~~~~~~
compilation terminated.
configure:7186: $? = 1
configure: failed program was:
| /* confdefs.h */
| #define PACKAGE_NAME "XZ Utils"
| #define PACKAGE_TARNAME "xz"
| #define PACKAGE_VERSION "5.4.2"
| #define PACKAGE_STRING "XZ Utils 5.4.2"
| #define PACKAGE_BUGREPORT "xz@tukaani.org"
| #define PACKAGE_URL "https://tukaani.org/xz/"
| #define NDEBUG 1
| #define HAVE_ENCODER_LZMA1 1
| #define HAVE_ENCODER_LZMA2 1
| #define HAVE_ENCODER_DELTA 1
| #define HAVE_ENCODER_X86 1
| #define HAVE_ENCODER_POWERPC 1
| #define HAVE_ENCODER_IA64 1
| #define HAVE_ENCODER_ARM 1
| #define HAVE_ENCODER_ARMTHUMB 1
| #define HAVE_ENCODER_ARM64 1
| #define HAVE_ENCODER_SPARC 1
| #define HAVE_ENCODERS 1
| #define HAVE_DECODER_LZMA1 1
| #define HAVE_DECODER_LZMA2 1
| #define HAVE_DECODER_DELTA 1
| #define HAVE_DECODER_X86 1
| #define HAVE_DECODER_POWERPC 1
| #define HAVE_DECODER_IA64 1
| #define HAVE_DECODER_ARM 1
| #define HAVE_DECODER_ARMTHUMB 1
| #define HAVE_DECODER_ARM64 1
| #define HAVE_DECODER_SPARC 1
| #define HAVE_DECODERS 1
| #define HAVE_MF_HC3 1
| #define HAVE_MF_HC4 1
| #define HAVE_MF_BT2 1
| #define HAVE_MF_BT3 1
| #define HAVE_MF_BT4 1
| #define HAVE_CHECK_CRC32 1
| #define HAVE_CHECK_CRC64 1
| #define HAVE_CHECK_SHA256 1
| #define HAVE_LZIP_DECODER 1
| #define ASSUME_RAM 128
| #define PACKAGE "xz"
| #define VERSION "5.4.2"
| #define HAVE_STDIO_H 1
| #define HAVE_STDLIB_H 1
| #define HAVE_STRING_H 1
| #define HAVE_INTTYPES_H 1
| #define HAVE_STDINT_H 1
| #define HAVE_STRINGS_H 1
| #define HAVE_SYS_STAT_H 1
| #define HAVE_SYS_TYPES_H 1
| #define HAVE_UNISTD_H 1
| #define HAVE_WCHAR_H 1
| #define STDC_HEADERS 1
| #define _ALL_SOURCE 1
| #define _DARWIN_C_SOURCE 1
| #define _GNU_SOURCE 1
| #define _HPUX_ALT_XOPEN_SOCKET_API 1
| #define _NETBSD_SOURCE 1
| #define _OPENBSD_SOURCE 1
| #define _POSIX_PTHREAD_SEMANTICS 1
| #define __STDC_WANT_IEC_60559_ATTRIBS_EXT__ 1
| #define __STDC_WANT_IEC_60559_BFP_EXT__ 1
| #define __STDC_WANT_IEC_60559_DFP_EXT__ 1
| #define __STDC_WANT_IEC_60559_FUNCS_EXT__ 1
| #define __STDC_WANT_IEC_60559_TYPES_EXT__ 1
| #define __STDC_WANT_LIB_EXT2__ 1
| #define __STDC_WANT_MATH_SPEC_FUNCS__ 1
| #define _TANDEM_SOURCE 1
| #define __EXTENSIONS__ 1
| /* end confdefs.h.  */
| #include <ac_nonexistent.h>
configure:7217: checking for grep that handles long lines and -e
configure:7281: result: /bin/grep
configure:7286: checking for egrep
configure:7354: result: /bin/grep -E
configure:7519: checking whether gcc is Clang
configure:7546: result: no
configure:7611: checking whether pthreads work with "-pthread" and "-lpthread"
configure:7722: gcc -o conftest -g -O2 -pthread   conftest.c -lpthread  >&5
configure:7722: $? = 0
configure:7732: result: yes
configure:7855: checking for joinable pthread attribute
configure:7874: gcc -o conftest -g -O2 -pthread   conftest.c -lpthread  >&5
configure:7874: $? = 0
configure:7883: result: PTHREAD_CREATE_JOINABLE
configure:7896: checking whether more special flags are required for pthreads
configure:7910: result: no
configure:7919: checking for PTHREAD_PRIO_INHERIT
configure:7937: gcc -o conftest -g -O2 -pthread   conftest.c -lpthread  >&5
configure:7937: $? = 0
configure:7947: result: yes
configure:8136: checking for library containing clock_gettime
configure:8166: gcc -o conftest -g -O2 -pthread   conftest.c  -lpthread >&5
configure:8166: $? = 0
configure:8186: result: none required
configure:8195: checking for clock_gettime
configure:8195: gcc -o conftest -g -O2 -pthread   conftest.c  -lpthread >&5
configure:8195: $? = 0
configure:8195: result: yes
configure:8201: checking for pthread_condattr_setclock
configure:8201: gcc -o conftest -g -O2 -pthread   conftest.c  -lpthread >&5
configure:8201: $? = 0
configure:8201: result: yes
configure:8208: checking for gcc options needed to detect all undeclared functions
configure:8230: gcc -c -g -O2 -pthread   conftest.c >&5
conftest.c: In function 'main':
conftest.c:79:8: error: 'strchr' undeclared (first use in this function)
   79 | (void) strchr;
      |        ^~~~~~
conftest.c:1:1: note: 'strchr' is defined in header '<string.h>'; this is probably fixable by adding '#include <string.h>'
    1 | /* confdefs.h */
conftest.c:79:8: note: each undeclared identifier is reported only once for each function it appears in
   79 | (void) strchr;
      |        ^~~~~~
configure:8230: $? = 1
configure: failed program was:
| /* confdefs.h */
| #define PACKAGE_NAME "XZ Utils"
| #define PACKAGE_TARNAME "xz"
| #define PACKAGE_VERSION "5.4.2"
| #define PACKAGE_STRING "XZ Utils 5.4.2"
| #define PACKAGE_BUGREPORT "xz@tukaani.org"
| #define PACKAGE_URL "https://tukaani.org/xz/"
| #define NDEBUG 1
| #define HAVE_ENCODER_LZMA1 1
| #define HAVE_ENCODER_LZMA2 1
| #define HAVE_ENCODER_DELTA 1
| #define HAVE_ENCODER_X86 1
| #define HAVE_ENCODER_POWERPC 1
| #define HAVE_ENCODER_IA64 1
| #define HAVE_ENCODER_ARM 1
| #define HAVE_ENCODER_ARMTHUMB 1
| #define HAVE_ENCODER_ARM64 1
| #define HAVE_ENCODER_SPARC 1
| #define HAVE_ENCODERS 1
| #define HAVE_DECODER_LZMA1 1
| #define HAVE_DECODER_LZMA2 1
| #define HAVE_DECODER_DELTA 1
| #define HAVE_DECODER_X86 1
| #define HAVE_DECODER_POWERPC 1
| #define HAVE_DECODER_IA64 1
| #define HAVE_DECODER_ARM 1
| #define HAVE_DECODER_ARMTHUMB 1
| #define HAVE_DECODER_ARM64 1
| #define HAVE_DECODER_SPARC 1
| #define HAVE_DECODERS 1
| #define HAVE_MF_HC3 1
| #define HAVE_MF_HC4 1
| #define HAVE_MF_BT2 1
| #define HAVE_MF_BT3 1
| #define HAVE_MF_BT4 1
| #define HAVE_CHECK_CRC32 1
| #define HAVE_CHECK_CRC64 1
| #define HAVE_CHECK_SHA256 1
| #define HAVE_LZIP_DECODER 1
| #define ASSUME_RAM 128
| #define PACKAGE "xz"
| #define VERSION "5.4.2"
| #define HAVE_STDIO_H 1
| #define HAVE_STDLIB_H 1
| #define HAVE_STRING_H 1
| #define HAVE_INTTYPES_H 1
| #define HAVE_STDINT_H 1
| #define HAVE_STRINGS_H 1
| #define HAVE_SYS_STAT_H 1
| #define HAVE_SYS_TYPES_H 1
| #define HAVE_UNISTD_H 1
| #define HAVE_WCHAR_H 1
| #define STDC_HEADERS 1
| #define _ALL_SOURCE 1
| #define _DARWIN_C_SOURCE 1
| #define _GNU_SOURCE 1
| #define _HPUX_ALT_XOPEN_SOCKET_API 1
| #define _NETBSD_SOURCE 1
| #define _OPENBSD_SOURCE 1
| #define _POSIX_PTHREAD_SEMANTICS 1
| #define __STDC_WANT_IEC_60559_ATTRIBS_EXT__ 1
| #define __STDC_WANT_IEC_60559_BFP_EXT__ 1
| #define __STDC_WANT_IEC_60559_DFP_EXT__ 1
| #define __STDC_WANT_IEC_60559_FUNCS_EXT__ 1
| #define __STDC_WANT_IEC_60559_TYPES_EXT__ 1
| #define __STDC_WANT_LIB_EXT2__ 1
| #define __STDC_WANT_MATH_SPEC_FUNCS__ 1
| #define _TANDEM_SOURCE 1
| #define __EXTENSIONS__ 1
| #define HAVE_PTHREAD_PRIO_INHERIT 1
| #define MYTHREAD_POSIX 1
| #define HAVE_CLOCK_GETTIME 1
| #define HAVE_PTHREAD_CONDATTR_SETCLOCK 1
| /* end confdefs.h.  */
| 
| int
| main (void)
| {
| (void) strchr;
|   ;
|   return 0;
| }
configure:8257: gcc -c -g -O2 -pthread   conftest.c >&5
configure:8257: $? = 0
configure:8274: result: none needed
configure:8288: checking whether CLOCK_MONOTONIC is declared
configure:8288: gcc -c -g -O2 -pthread   conftest.c >&5
configure:8288: $? = 0
configure:8288: result: yes
configure:8368: checking how to print strings
configure:8395: result: printf
configure:8416: checking for a sed that does not truncate output
configure:8486: result: /bin/sed
configure:8504: checking for fgrep
configure:8572: result: /bin/grep -F
configure:8608: checking for ld used by gcc
configure:8676: result: /usr/x86_64-pc-linux-gnu/bin/ld
configure:8683: checking if the linker (/usr/x86_64-pc-linux-gnu/bin/ld) is GNU ld
configure:8699: result: yes
configure:8711: checking for BSD- or MS-compatible name lister (nm)
configure:8766: result: /usr/bin/nm -B
configure:8906: checking the name lister (/usr/bin/nm -B) interface
configure:8914: gcc -c -g -O2  conftest.c >&5
configure:8917: /usr/bin/nm -B "conftest.o"
configure:8920: output
0000000000000000 B some_variable
configure:8927: result: BSD nm
configure:8931: checking the maximum length of command line arguments
configure:9063: result: 1572864
configure:9111: checking how to convert x86_64-pc-linux-gnu file names to x86_64-pc-linux-gnu format
configure:9152: result: func_convert_file_noop
configure:9159: checking how to convert x86_64-pc-linux-gnu file names to toolchain format
configure:9180: result: func_convert_file_noop
configure:9187: checking for /usr/x86_64-pc-linux-gnu/bin/ld option to reload object files
configure:9195: result: -r
configure:9274: checking for file
configure:9295: found /usr/bin/file
configure:9306: result: file
configure:9382: checking for objdump
configure:9403: found /usr/bin/objdump
configure:9414: result: objdump
configure:9443: checking how to recognize dependent libraries
configure:9644: result: pass_all
configure:9734: checking for dlltool
configure:9769: result: no
configure:9796: checking how to associate runtime and link libraries
configure:9824: result: printf %s\n
configure:9889: checking for ar
configure:9910: found /usr/bin/ar
configure:9921: result: ar
configure:9974: checking for archiver @FILE support
configure:9992: gcc -c -g -O2  conftest.c >&5
configure:9992: $? = 0
configure:9996: ar cr libconftest.a @conftest.lst >&5
configure:9999: $? = 0
configure:10004: ar cr libconftest.a @conftest.lst >&5
ar: conftest.o: No such file or directory
configure:10007: $? = 1
configure:10019: result: @
configure:10082: checking for strip
configure:10103: found /usr/bin/strip
configure:10114: result: strip
configure:10191: checking for ranlib
configure:10212: found /usr/bin/ranlib
configure:10223: result: ranlib
configure:10325: checking command to parse /usr/bin/nm -B output from gcc object
configure:10479: gcc -c -g -O2  conftest.c >&5
configure:10482: $? = 0
configure:10486: /usr/bin/nm -B conftest.o \| /bin/sed -n -e 's/^.*[ ]\([ABCDGIRSTW][ABCDGIRSTW]*\)[ ][ ]*\([_A-Za-z][_A-Za-z0-9]*\)$/\1 \2 \2/p' | /bin/sed '/ __gnu_lto/d' \> conftest.nm
configure:10489: $? = 0
configure:10555: gcc -o conftest -g -O2   conftest.c conftstm.o >&5
configure:10558: $? = 0
configure:10596: result: ok
configure:10643: checking for sysroot
configure:10674: result: no
configure:10681: checking for a working dd
configure:10725: result: /bin/dd
configure:10729: checking how to truncate binary pipes
configure:10745: result: /bin/dd bs=4096 count=1
configure:10882: gcc -c -g -O2  conftest.c >&5
configure:10885: $? = 0
configure:11082: checking for mt
configure:11117: result: no
configure:11137: checking if : is a manifest tool
configure:11144: : '-?'
configure:11152: result: no
configure:11873: checking for dlfcn.h
configure:11873: gcc -c -g -O2  conftest.c >&5
configure:11873: $? = 0
configure:11873: result: yes
configure:12460: checking for objdir
configure:12476: result: .libs
configure:12740: checking if gcc supports -fno-rtti -fno-exceptions
configure:12759: gcc -c -g -O2  -fno-rtti -fno-exceptions conftest.c >&5
cc1: warning: command-line option '-fno-rtti' is valid for C++/D/ObjC++ but not for C
configure:12763: $? = 0
configure:12776: result: no
configure:13134: checking for gcc option to produce PIC
configure:13142: result: -fPIC -DPIC
configure:13150: checking if gcc PIC flag -fPIC -DPIC works
configure:13169: gcc -c -g -O2  -fPIC -DPIC -DPIC conftest.c >&5
configure:13173: $? = 0
configure:13186: result: yes
configure:13215: checking if gcc static flag -static works
configure:13244: result: yes
configure:13259: checking if gcc supports -c -o file.o
configure:13281: gcc -c -g -O2  -o out/conftest2.o conftest.c >&5
configure:13285: $? = 0
configure:13307: result: yes
configure:13315: checking if gcc supports -c -o file.o
configure:13363: result: yes
configure:13396: checking whether the gcc linker (/usr/x86_64-pc-linux-gnu/bin/ld -m elf_x86_64) supports shared libraries
configure:14664: result: yes
configure:14905: checking dynamic linker characteristics
configure:15487: gcc -o conftest -g -O2   -Wl,-rpath -Wl,/foo conftest.c  -lpthread >&5
configure:15487: $? = 0
configure:15726: result: GNU/Linux ld.so
configure:15848: checking how to hardcode library paths into programs
configure:15873: result: immediate
configure:16425: checking whether stripping libraries is possible
configure:16434: result: yes
configure:16476: checking if libtool supports shared libraries
configure:16478: result: yes
configure:16481: checking whether to build shared libraries
configure:16506: result: no
configure:16509: checking whether to build static libraries
configure:16513: result: yes
configure:16598: checking for windres
configure:16633: result: no
configure:16751: checking if library symbol versioning should be used
configure:16797: result: no (not building a shared library)
configure:16871: checking whether NLS is requested
configure:16881: result: yes
configure:16921: checking for msgfmt
configure: trying /usr/bin/msgfmt...
0 translated messages.
configure:16954: result: /usr/bin/msgfmt
configure:16963: checking for gmsgfmt
configure:16986: found /usr/bin/gmsgfmt
configure:16999: result: /usr/bin/gmsgfmt
configure:17044: checking for xgettext
configure: trying /usr/bin/xgettext...
/usr/bin/xgettext: warning: file '/dev/null' extension '' is unknown; will try C
configure:17077: result: /usr/bin/xgettext
configure:17122: checking for msgmerge
configure: trying /usr/bin/msgmerge...
configure:17154: result: /usr/bin/msgmerge
configure:17219: checking for ld
configure:17350: result: /usr/x86_64-pc-linux-gnu/bin/ld -m elf_x86_64
configure:17357: checking if the linker (/usr/x86_64-pc-linux-gnu/bin/ld -m elf_x86_64) is GNU ld
configure:17373: result: yes
configure:17381: checking for shared library run path origin
configure:17395: result: done
configure:17417: checking 32-bit host C ABI
configure:17484: gcc -c -g -O2  conftest.c >&5
configure:17484: $? = 0
configure:17680: result: no
configure:17689: checking for ELF binary format
configure:17713: result: yes
configure:17765: checking for the common suffixes of directories in the library search path
configure:17834: result: lib,lib,lib64
configure:18359: checking for CFPreferencesCopyAppValue
configure:18378: gcc -o conftest -g -O2   conftest.c  -lpthread -Wl,-framework -Wl,CoreFoundation >&5
conftest.c:78:10: fatal error: CoreFoundation/CFPreferences.h: No such file or directory
   78 | #include <CoreFoundation/CFPreferences.h>
      |          ^~~~~~~~~~~~~~~~~~~~~~~~~~~~~~~~
compilation terminated.
configure:18378: $? = 1
configure: failed program was:
| /* confdefs.h */
| #define PACKAGE_NAME "XZ Utils"
| #define PACKAGE_TARNAME "xz"
| #define PACKAGE_VERSION "5.4.2"
| #define PACKAGE_STRING "XZ Utils 5.4.2"
| #define PACKAGE_BUGREPORT "xz@tukaani.org"
| #define PACKAGE_URL "https://tukaani.org/xz/"
| #define NDEBUG 1
| #define HAVE_ENCODER_LZMA1 1
| #define HAVE_ENCODER_LZMA2 1
| #define HAVE_ENCODER_DELTA 1
| #define HAVE_ENCODER_X86 1
| #define HAVE_ENCODER_POWERPC 1
| #define HAVE_ENCODER_IA64 1
| #define HAVE_ENCODER_ARM 1
| #define HAVE_ENCODER_ARMTHUMB 1
| #define HAVE_ENCODER_ARM64 1
| #define HAVE_ENCODER_SPARC 1
| #define HAVE_ENCODERS 1
| #define HAVE_DECODER_LZMA1 1
| #define HAVE_DECODER_LZMA2 1
| #define HAVE_DECODER_DELTA 1
| #define HAVE_DECODER_X86 1
| #define HAVE_DECODER_POWERPC 1
| #define HAVE_DECODER_IA64 1
| #define HAVE_DECODER_ARM 1
| #define HAVE_DECODER_ARMTHUMB 1
| #define HAVE_DECODER_ARM64 1
| #define HAVE_DECODER_SPARC 1
| #define HAVE_DECODERS 1
| #define HAVE_MF_HC3 1
| #define HAVE_MF_HC4 1
| #define HAVE_MF_BT2 1
| #define HAVE_MF_BT3 1
| #define HAVE_MF_BT4 1
| #define HAVE_CHECK_CRC32 1
| #define HAVE_CHECK_CRC64 1
| #define HAVE_CHECK_SHA256 1
| #define HAVE_LZIP_DECODER 1
| #define ASSUME_RAM 128
| #define PACKAGE "xz"
| #define VERSION "5.4.2"
| #define HAVE_STDIO_H 1
| #define HAVE_STDLIB_H 1
| #define HAVE_STRING_H 1
| #define HAVE_INTTYPES_H 1
| #define HAVE_STDINT_H 1
| #define HAVE_STRINGS_H 1
| #define HAVE_SYS_STAT_H 1
| #define HAVE_SYS_TYPES_H 1
| #define HAVE_UNISTD_H 1
| #define HAVE_WCHAR_H 1
| #define STDC_HEADERS 1
| #define _ALL_SOURCE 1
| #define _DARWIN_C_SOURCE 1
| #define _GNU_SOURCE 1
| #define _HPUX_ALT_XOPEN_SOCKET_API 1
| #define _NETBSD_SOURCE 1
| #define _OPENBSD_SOURCE 1
| #define _POSIX_PTHREAD_SEMANTICS 1
| #define __STDC_WANT_IEC_60559_ATTRIBS_EXT__ 1
| #define __STDC_WANT_IEC_60559_BFP_EXT__ 1
| #define __STDC_WANT_IEC_60559_DFP_EXT__ 1
| #define __STDC_WANT_IEC_60559_FUNCS_EXT__ 1
| #define __STDC_WANT_IEC_60559_TYPES_EXT__ 1
| #define __STDC_WANT_LIB_EXT2__ 1
| #define __STDC_WANT_MATH_SPEC_FUNCS__ 1
| #define _TANDEM_SOURCE 1
| #define __EXTENSIONS__ 1
| #define HAVE_PTHREAD_PRIO_INHERIT 1
| #define MYTHREAD_POSIX 1
| #define HAVE_CLOCK_GETTIME 1
| #define HAVE_PTHREAD_CONDATTR_SETCLOCK 1
| #define HAVE_CLOCK_MONOTONIC 1
| #define HAVE_DLFCN_H 1
| #define LT_OBJDIR ".libs/"
| /* end confdefs.h.  */
| #include <CoreFoundation/CFPreferences.h>
| int
| main (void)
| {
| CFPreferencesCopyAppValue(NULL, NULL)
|   ;
|   return 0;
| }
configure:18388: result: no
configure:18395: checking for CFLocaleCopyPreferredLanguages
configure:18414: gcc -o conftest -g -O2   conftest.c  -lpthread -Wl,-framework -Wl,CoreFoundation >&5
conftest.c:78:10: fatal error: CoreFoundation/CFLocale.h: No such file or directory
   78 | #include <CoreFoundation/CFLocale.h>
      |          ^~~~~~~~~~~~~~~~~~~~~~~~~~~
compilation terminated.
configure:18414: $? = 1
configure: failed program was:
| /* confdefs.h */
| #define PACKAGE_NAME "XZ Utils"
| #define PACKAGE_TARNAME "xz"
| #define PACKAGE_VERSION "5.4.2"
| #define PACKAGE_STRING "XZ Utils 5.4.2"
| #define PACKAGE_BUGREPORT "xz@tukaani.org"
| #define PACKAGE_URL "https://tukaani.org/xz/"
| #define NDEBUG 1
| #define HAVE_ENCODER_LZMA1 1
| #define HAVE_ENCODER_LZMA2 1
| #define HAVE_ENCODER_DELTA 1
| #define HAVE_ENCODER_X86 1
| #define HAVE_ENCODER_POWERPC 1
| #define HAVE_ENCODER_IA64 1
| #define HAVE_ENCODER_ARM 1
| #define HAVE_ENCODER_ARMTHUMB 1
| #define HAVE_ENCODER_ARM64 1
| #define HAVE_ENCODER_SPARC 1
| #define HAVE_ENCODERS 1
| #define HAVE_DECODER_LZMA1 1
| #define HAVE_DECODER_LZMA2 1
| #define HAVE_DECODER_DELTA 1
| #define HAVE_DECODER_X86 1
| #define HAVE_DECODER_POWERPC 1
| #define HAVE_DECODER_IA64 1
| #define HAVE_DECODER_ARM 1
| #define HAVE_DECODER_ARMTHUMB 1
| #define HAVE_DECODER_ARM64 1
| #define HAVE_DECODER_SPARC 1
| #define HAVE_DECODERS 1
| #define HAVE_MF_HC3 1
| #define HAVE_MF_HC4 1
| #define HAVE_MF_BT2 1
| #define HAVE_MF_BT3 1
| #define HAVE_MF_BT4 1
| #define HAVE_CHECK_CRC32 1
| #define HAVE_CHECK_CRC64 1
| #define HAVE_CHECK_SHA256 1
| #define HAVE_LZIP_DECODER 1
| #define ASSUME_RAM 128
| #define PACKAGE "xz"
| #define VERSION "5.4.2"
| #define HAVE_STDIO_H 1
| #define HAVE_STDLIB_H 1
| #define HAVE_STRING_H 1
| #define HAVE_INTTYPES_H 1
| #define HAVE_STDINT_H 1
| #define HAVE_STRINGS_H 1
| #define HAVE_SYS_STAT_H 1
| #define HAVE_SYS_TYPES_H 1
| #define HAVE_UNISTD_H 1
| #define HAVE_WCHAR_H 1
| #define STDC_HEADERS 1
| #define _ALL_SOURCE 1
| #define _DARWIN_C_SOURCE 1
| #define _GNU_SOURCE 1
| #define _HPUX_ALT_XOPEN_SOCKET_API 1
| #define _NETBSD_SOURCE 1
| #define _OPENBSD_SOURCE 1
| #define _POSIX_PTHREAD_SEMANTICS 1
| #define __STDC_WANT_IEC_60559_ATTRIBS_EXT__ 1
| #define __STDC_WANT_IEC_60559_BFP_EXT__ 1
| #define __STDC_WANT_IEC_60559_DFP_EXT__ 1
| #define __STDC_WANT_IEC_60559_FUNCS_EXT__ 1
| #define __STDC_WANT_IEC_60559_TYPES_EXT__ 1
| #define __STDC_WANT_LIB_EXT2__ 1
| #define __STDC_WANT_MATH_SPEC_FUNCS__ 1
| #define _TANDEM_SOURCE 1
| #define __EXTENSIONS__ 1
| #define HAVE_PTHREAD_PRIO_INHERIT 1
| #define MYTHREAD_POSIX 1
| #define HAVE_CLOCK_GETTIME 1
| #define HAVE_PTHREAD_CONDATTR_SETCLOCK 1
| #define HAVE_CLOCK_MONOTONIC 1
| #define HAVE_DLFCN_H 1
| #define LT_OBJDIR ".libs/"
| /* end confdefs.h.  */
| #include <CoreFoundation/CFLocale.h>
| int
| main (void)
| {
| CFLocaleCopyPreferredLanguages();
|   ;
|   return 0;
| }
configure:18424: result: no
configure:18474: checking for GNU gettext in libc
configure:18504: gcc -o conftest -g -O2   conftest.c  -lpthread >&5
configure:18504: $? = 0
configure:18514: result: yes
configure:19413: checking whether to use NLS
configure:19415: result: yes
configure:19418: checking where the gettext function comes from
configure:19429: result: libc
configure:19500: checking for fcntl.h
configure:19500: gcc -c -g -O2  conftest.c >&5
configure:19500: $? = 0
configure:19500: result: yes
configure:19500: checking for limits.h
configure:19500: gcc -c -g -O2  conftest.c >&5
configure:19500: $? = 0
configure:19500: result: yes
configure:19500: checking for sys/time.h
configure:19500: gcc -c -g -O2  conftest.c >&5
configure:19500: $? = 0
configure:19500: result: yes
configure:19515: checking for immintrin.h
configure:19515: gcc -c -g -O2  conftest.c >&5
configure:19515: $? = 0
configure:19515: result: yes
configure:19521: checking for cpuid.h
configure:19521: gcc -c -g -O2  conftest.c >&5
configure:19521: $? = 0
configure:19521: result: yes
configure:19534: checking for _Bool
configure:19534: gcc -c -g -O2  conftest.c >&5
configure:19534: $? = 0
configure:19534: gcc -c -g -O2  conftest.c >&5
conftest.c: In function 'main':
conftest.c:117:20: error: expected expression before ')' token
  117 | if (sizeof ((_Bool)))
      |                    ^
configure:19534: $? = 1
configure: failed program was:
| /* confdefs.h */
| #define PACKAGE_NAME "XZ Utils"
| #define PACKAGE_TARNAME "xz"
| #define PACKAGE_VERSION "5.4.2"
| #define PACKAGE_STRING "XZ Utils 5.4.2"
| #define PACKAGE_BUGREPORT "xz@tukaani.org"
| #define PACKAGE_URL "https://tukaani.org/xz/"
| #define NDEBUG 1
| #define HAVE_ENCODER_LZMA1 1
| #define HAVE_ENCODER_LZMA2 1
| #define HAVE_ENCODER_DELTA 1
| #define HAVE_ENCODER_X86 1
| #define HAVE_ENCODER_POWERPC 1
| #define HAVE_ENCODER_IA64 1
| #define HAVE_ENCODER_ARM 1
| #define HAVE_ENCODER_ARMTHUMB 1
| #define HAVE_ENCODER_ARM64 1
| #define HAVE_ENCODER_SPARC 1
| #define HAVE_ENCODERS 1
| #define HAVE_DECODER_LZMA1 1
| #define HAVE_DECODER_LZMA2 1
| #define HAVE_DECODER_DELTA 1
| #define HAVE_DECODER_X86 1
| #define HAVE_DECODER_POWERPC 1
| #define HAVE_DECODER_IA64 1
| #define HAVE_DECODER_ARM 1
| #define HAVE_DECODER_ARMTHUMB 1
| #define HAVE_DECODER_ARM64 1
| #define HAVE_DECODER_SPARC 1
| #define HAVE_DECODERS 1
| #define HAVE_MF_HC3 1
| #define HAVE_MF_HC4 1
| #define HAVE_MF_BT2 1
| #define HAVE_MF_BT3 1
| #define HAVE_MF_BT4 1
| #define HAVE_CHECK_CRC32 1
| #define HAVE_CHECK_CRC64 1
| #define HAVE_CHECK_SHA256 1
| #define HAVE_LZIP_DECODER 1
| #define ASSUME_RAM 128
| #define PACKAGE "xz"
| #define VERSION "5.4.2"
| #define HAVE_STDIO_H 1
| #define HAVE_STDLIB_H 1
| #define HAVE_STRING_H 1
| #define HAVE_INTTYPES_H 1
| #define HAVE_STDINT_H 1
| #define HAVE_STRINGS_H 1
| #define HAVE_SYS_STAT_H 1
| #define HAVE_SYS_TYPES_H 1
| #define HAVE_UNISTD_H 1
| #define HAVE_WCHAR_H 1
| #define STDC_HEADERS 1
| #define _ALL_SOURCE 1
| #define _DARWIN_C_SOURCE 1
| #define _GNU_SOURCE 1
| #define _HPUX_ALT_XOPEN_SOCKET_API 1
| #define _NETBSD_SOURCE 1
| #define _OPENBSD_SOURCE 1
| #define _POSIX_PTHREAD_SEMANTICS 1
| #define __STDC_WANT_IEC_60559_ATTRIBS_EXT__ 1
| #define __STDC_WANT_IEC_60559_BFP_EXT__ 1
| #define __STDC_WANT_IEC_60559_DFP_EXT__ 1
| #define __STDC_WANT_IEC_60559_FUNCS_EXT__ 1
| #define __STDC_WANT_IEC_60559_TYPES_EXT__ 1
| #define __STDC_WANT_LIB_EXT2__ 1
| #define __STDC_WANT_MATH_SPEC_FUNCS__ 1
| #define _TANDEM_SOURCE 1
| #define __EXTENSIONS__ 1
| #define HAVE_PTHREAD_PRIO_INHERIT 1
| #define MYTHREAD_POSIX 1
| #define HAVE_CLOCK_GETTIME 1
| #define HAVE_PTHREAD_CONDATTR_SETCLOCK 1
| #define HAVE_CLOCK_MONOTONIC 1
| #define HAVE_DLFCN_H 1
| #define LT_OBJDIR ".libs/"
| #define ENABLE_NLS 1
| #define HAVE_GETTEXT 1
| #define HAVE_DCGETTEXT 1
| #define HAVE_FCNTL_H 1
| #define HAVE_LIMITS_H 1
| #define HAVE_SYS_TIME_H 1
| #define HAVE_IMMINTRIN_H 1
| #define HAVE_CPUID_H 1
| /* end confdefs.h.  */
| #include <stddef.h>
| #ifdef HAVE_STDIO_H
| # include <stdio.h>
| #endif
| #ifdef HAVE_STDLIB_H
| # include <stdlib.h>
| #endif
| #ifdef HAVE_STRING_H
| # include <string.h>
| #endif
| #ifdef HAVE_INTTYPES_H
| # include <inttypes.h>
| #endif
| #ifdef HAVE_STDINT_H
| # include <stdint.h>
| #endif
| #ifdef HAVE_STRINGS_H
| # include <strings.h>
| #endif
| #ifdef HAVE_SYS_TYPES_H
| # include <sys/types.h>
| #endif
| #ifdef HAVE_SYS_STAT_H
| # include <sys/stat.h>
| #endif
| #ifdef HAVE_UNISTD_H
| # include <unistd.h>
| #endif
| int
| main (void)
| {
| if (sizeof ((_Bool)))
| 	    return 0;
|   ;
|   return 0;
| }
configure:19534: result: yes
configure:19543: checking for stdbool.h that conforms to C99
configure:19659: gcc -c -g -O2  conftest.c >&5
conftest.c:141:17: error: #error "bool is not defined"
  141 |                #error "bool is not defined"
      |                 ^~~~~
conftest.c:144:17: error: #error "false is not defined"
  144 |                #error "false is not defined"
      |                 ^~~~~
conftest.c:147:17: error: #error "true is not defined"
  147 |                #error "true is not defined"
      |                 ^~~~~
configure:19659: $? = 1
configure: failed program was:
| /* confdefs.h */
| #define PACKAGE_NAME "XZ Utils"
| #define PACKAGE_TARNAME "xz"
| #define PACKAGE_VERSION "5.4.2"
| #define PACKAGE_STRING "XZ Utils 5.4.2"
| #define PACKAGE_BUGREPORT "xz@tukaani.org"
| #define PACKAGE_URL "https://tukaani.org/xz/"
| #define NDEBUG 1
| #define HAVE_ENCODER_LZMA1 1
| #define HAVE_ENCODER_LZMA2 1
| #define HAVE_ENCODER_DELTA 1
| #define HAVE_ENCODER_X86 1
| #define HAVE_ENCODER_POWERPC 1
| #define HAVE_ENCODER_IA64 1
| #define HAVE_ENCODER_ARM 1
| #define HAVE_ENCODER_ARMTHUMB 1
| #define HAVE_ENCODER_ARM64 1
| #define HAVE_ENCODER_SPARC 1
| #define HAVE_ENCODERS 1
| #define HAVE_DECODER_LZMA1 1
| #define HAVE_DECODER_LZMA2 1
| #define HAVE_DECODER_DELTA 1
| #define HAVE_DECODER_X86 1
| #define HAVE_DECODER_POWERPC 1
| #define HAVE_DECODER_IA64 1
| #define HAVE_DECODER_ARM 1
| #define HAVE_DECODER_ARMTHUMB 1
| #define HAVE_DECODER_ARM64 1
| #define HAVE_DECODER_SPARC 1
| #define HAVE_DECODERS 1
| #define HAVE_MF_HC3 1
| #define HAVE_MF_HC4 1
| #define HAVE_MF_BT2 1
| #define HAVE_MF_BT3 1
| #define HAVE_MF_BT4 1
| #define HAVE_CHECK_CRC32 1
| #define HAVE_CHECK_CRC64 1
| #define HAVE_CHECK_SHA256 1
| #define HAVE_LZIP_DECODER 1
| #define ASSUME_RAM 128
| #define PACKAGE "xz"
| #define VERSION "5.4.2"
| #define HAVE_STDIO_H 1
| #define HAVE_STDLIB_H 1
| #define HAVE_STRING_H 1
| #define HAVE_INTTYPES_H 1
| #define HAVE_STDINT_H 1
| #define HAVE_STRINGS_H 1
| #define HAVE_SYS_STAT_H 1
| #define HAVE_SYS_TYPES_H 1
| #define HAVE_UNISTD_H 1
| #define HAVE_WCHAR_H 1
| #define STDC_HEADERS 1
| #define _ALL_SOURCE 1
| #define _DARWIN_C_SOURCE 1
| #define _GNU_SOURCE 1
| #define _HPUX_ALT_XOPEN_SOCKET_API 1
| #define _NETBSD_SOURCE 1
| #define _OPENBSD_SOURCE 1
| #define _POSIX_PTHREAD_SEMANTICS 1
| #define __STDC_WANT_IEC_60559_ATTRIBS_EXT__ 1
| #define __STDC_WANT_IEC_60559_BFP_EXT__ 1
| #define __STDC_WANT_IEC_60559_DFP_EXT__ 1
| #define __STDC_WANT_IEC_60559_FUNCS_EXT__ 1
| #define __STDC_WANT_IEC_60559_TYPES_EXT__ 1
| #define __STDC_WANT_LIB_EXT2__ 1
| #define __STDC_WANT_MATH_SPEC_FUNCS__ 1
| #define _TANDEM_SOURCE 1
| #define __EXTENSIONS__ 1
| #define HAVE_PTHREAD_PRIO_INHERIT 1
| #define MYTHREAD_POSIX 1
| #define HAVE_CLOCK_GETTIME 1
| #define HAVE_PTHREAD_CONDATTR_SETCLOCK 1
| #define HAVE_CLOCK_MONOTONIC 1
| #define HAVE_DLFCN_H 1
| #define LT_OBJDIR ".libs/"
| #define ENABLE_NLS 1
| #define HAVE_GETTEXT 1
| #define HAVE_DCGETTEXT 1
| #define HAVE_FCNTL_H 1
| #define HAVE_LIMITS_H 1
| #define HAVE_SYS_TIME_H 1
| #define HAVE_IMMINTRIN_H 1
| #define HAVE_CPUID_H 1
| #define HAVE__BOOL 1
| /* end confdefs.h.  */
| #include <stdbool.h>
| 
|              #ifndef __bool_true_false_are_defined
|                #error "__bool_true_false_are_defined is not defined"
|              #endif
|              char a[__bool_true_false_are_defined == 1 ? 1 : -1];
| 
|              /* Regardless of whether this is C++ or "_Bool" is a
|                 valid type name, "true" and "false" should be usable
|                 in #if expressions and integer constant expressions,
|                 and "bool" should be a valid type name.  */
| 
|              #if !true
|                #error "'true' is not true"
|              #endif
|              #if true != 1
|                #error "'true' is not equal to 1"
|              #endif
|              char b[true == 1 ? 1 : -1];
|              char c[true];
| 
|              #if false
|                #error "'false' is not false"
|              #endif
|              #if false != 0
|                #error "'false' is not equal to 0"
|              #endif
|              char d[false == 0 ? 1 : -1];
| 
|              enum { e = false, f = true, g = false * true, h = true * 256 };
| 
|              char i[(bool) 0.5 == true ? 1 : -1];
|              char j[(bool) 0.0 == false ? 1 : -1];
|              char k[sizeof (bool) > 0 ? 1 : -1];
| 
|              struct sb { bool s: 1; bool t; } s;
|              char l[sizeof s.t > 0 ? 1 : -1];
| 
|              /* The following fails for
|                 HP aC++/ANSI C B3910B A.05.55 [Dec 04 2003]. */
|              bool m[h];
|              char n[sizeof m == h * sizeof m[0] ? 1 : -1];
|              char o[-1 - (bool) 0 < 0 ? 1 : -1];
|              /* Catch a bug in an HP-UX C compiler.  See
|          https://gcc.gnu.org/ml/gcc-patches/2003-12/msg02303.html
|          https://lists.gnu.org/archive/html/bug-coreutils/2005-11/msg00161.html
|               */
|              bool p = true;
|              bool *pp = &p;
| 
|              /* C 1999 specifies that bool, true, and false are to be
|                 macros, but C++ 2011 and later overrule this.  */
|              #if __cplusplus < 201103
|               #ifndef bool
|                #error "bool is not defined"
|               #endif
|               #ifndef false
|                #error "false is not defined"
|               #endif
|               #ifndef true
|                #error "true is not defined"
|               #endif
|              #endif
| 
|              /* If _Bool is available, repeat with it all the tests
|                 above that used bool.  */
|              #ifdef HAVE__BOOL
|                struct sB { _Bool s: 1; _Bool t; } t;
| 
|                char q[(_Bool) 0.5 == true ? 1 : -1];
|                char r[(_Bool) 0.0 == false ? 1 : -1];
|                char u[sizeof (_Bool) > 0 ? 1 : -1];
|                char v[sizeof t.t > 0 ? 1 : -1];
| 
|                _Bool w[h];
|                char x[sizeof m == h * sizeof m[0] ? 1 : -1];
|                char y[-1 - (_Bool) 0 < 0 ? 1 : -1];
|                _Bool z = true;
|                _Bool *pz = &p;
|              #endif
| 
| int
| main (void)
| {
| 
|              bool ps = &s;
|              *pp |= p;
|              *pp |= ! p;
| 
|              #ifdef HAVE__BOOL
|                _Bool pt = &t;
|                *pz |= z;
|                *pz |= ! z;
|              #endif
| 
|              /* Refer to every declared value, so they cannot be
|                 discarded as unused.  */
|              return (!a + !b + !c + !d + !e + !f + !g + !h + !i + !j + !k
|                      + !l + !m + !n + !o + !p + !pp + !ps
|              #ifdef HAVE__BOOL
|                      + !q + !r + !u + !v + !w + !x + !y + !z + !pt
|              #endif
|                     );
| 
|   ;
|   return 0;
| }
configure:19667: result: no
configure:19677: checking for uint8_t
configure:19677: gcc -c -g -O2  conftest.c >&5
configure:19677: $? = 0
configure:19677: result: yes
configure:19689: checking for uint16_t
configure:19689: gcc -c -g -O2  conftest.c >&5
configure:19689: $? = 0
configure:19689: result: yes
configure:19699: checking for int32_t
configure:19699: gcc -c -g -O2  conftest.c >&5
configure:19699: $? = 0
configure:19699: gcc -c -g -O2  conftest.c >&5
conftest.c: In function 'main':
conftest.c:120:67: warning: integer overflow in expression of type 'int' results in '-2147483648' [-Woverflow]
  120 |                  < (int32_t) (((((int32_t) 1 << N) << N) - 1) * 2 + 2))];
      |                                                                   ^
conftest.c:119:12: error: storage size of 'test_array' isn't constant
  119 | static int test_array [1 - 2 * !((int32_t) (((((int32_t) 1 << N) << N) - 1) * 2 + 1)
      |            ^~~~~~~~~~
configure:19699: $? = 1
configure: failed program was:
| /* confdefs.h */
| #define PACKAGE_NAME "XZ Utils"
| #define PACKAGE_TARNAME "xz"
| #define PACKAGE_VERSION "5.4.2"
| #define PACKAGE_STRING "XZ Utils 5.4.2"
| #define PACKAGE_BUGREPORT "xz@tukaani.org"
| #define PACKAGE_URL "https://tukaani.org/xz/"
| #define NDEBUG 1
| #define HAVE_ENCODER_LZMA1 1
| #define HAVE_ENCODER_LZMA2 1
| #define HAVE_ENCODER_DELTA 1
| #define HAVE_ENCODER_X86 1
| #define HAVE_ENCODER_POWERPC 1
| #define HAVE_ENCODER_IA64 1
| #define HAVE_ENCODER_ARM 1
| #define HAVE_ENCODER_ARMTHUMB 1
| #define HAVE_ENCODER_ARM64 1
| #define HAVE_ENCODER_SPARC 1
| #define HAVE_ENCODERS 1
| #define HAVE_DECODER_LZMA1 1
| #define HAVE_DECODER_LZMA2 1
| #define HAVE_DECODER_DELTA 1
| #define HAVE_DECODER_X86 1
| #define HAVE_DECODER_POWERPC 1
| #define HAVE_DECODER_IA64 1
| #define HAVE_DECODER_ARM 1
| #define HAVE_DECODER_ARMTHUMB 1
| #define HAVE_DECODER_ARM64 1
| #define HAVE_DECODER_SPARC 1
| #define HAVE_DECODERS 1
| #define HAVE_MF_HC3 1
| #define HAVE_MF_HC4 1
| #define HAVE_MF_BT2 1
| #define HAVE_MF_BT3 1
| #define HAVE_MF_BT4 1
| #define HAVE_CHECK_CRC32 1
| #define HAVE_CHECK_CRC64 1
| #define HAVE_CHECK_SHA256 1
| #define HAVE_LZIP_DECODER 1
| #define ASSUME_RAM 128
| #define PACKAGE "xz"
| #define VERSION "5.4.2"
| #define HAVE_STDIO_H 1
| #define HAVE_STDLIB_H 1
| #define HAVE_STRING_H 1
| #define HAVE_INTTYPES_H 1
| #define HAVE_STDINT_H 1
| #define HAVE_STRINGS_H 1
| #define HAVE_SYS_STAT_H 1
| #define HAVE_SYS_TYPES_H 1
| #define HAVE_UNISTD_H 1
| #define HAVE_WCHAR_H 1
| #define STDC_HEADERS 1
| #define _ALL_SOURCE 1
| #define _DARWIN_C_SOURCE 1
| #define _GNU_SOURCE 1
| #define _HPUX_ALT_XOPEN_SOCKET_API 1
| #define _NETBSD_SOURCE 1
| #define _OPENBSD_SOURCE 1
| #define _POSIX_PTHREAD_SEMANTICS 1
| #define __STDC_WANT_IEC_60559_ATTRIBS_EXT__ 1
| #define __STDC_WANT_IEC_60559_BFP_EXT__ 1
| #define __STDC_WANT_IEC_60559_DFP_EXT__ 1
| #define __STDC_WANT_IEC_60559_FUNCS_EXT__ 1
| #define __STDC_WANT_IEC_60559_TYPES_EXT__ 1
| #define __STDC_WANT_LIB_EXT2__ 1
| #define __STDC_WANT_MATH_SPEC_FUNCS__ 1
| #define _TANDEM_SOURCE 1
| #define __EXTENSIONS__ 1
| #define HAVE_PTHREAD_PRIO_INHERIT 1
| #define MYTHREAD_POSIX 1
| #define HAVE_CLOCK_GETTIME 1
| #define HAVE_PTHREAD_CONDATTR_SETCLOCK 1
| #define HAVE_CLOCK_MONOTONIC 1
| #define HAVE_DLFCN_H 1
| #define LT_OBJDIR ".libs/"
| #define ENABLE_NLS 1
| #define HAVE_GETTEXT 1
| #define HAVE_DCGETTEXT 1
| #define HAVE_FCNTL_H 1
| #define HAVE_LIMITS_H 1
| #define HAVE_SYS_TIME_H 1
| #define HAVE_IMMINTRIN_H 1
| #define HAVE_CPUID_H 1
| #define HAVE__BOOL 1
| /* end confdefs.h.  */
| #include <stddef.h>
| #ifdef HAVE_STDIO_H
| # include <stdio.h>
| #endif
| #ifdef HAVE_STDLIB_H
| # include <stdlib.h>
| #endif
| #ifdef HAVE_STRING_H
| # include <string.h>
| #endif
| #ifdef HAVE_INTTYPES_H
| # include <inttypes.h>
| #endif
| #ifdef HAVE_STDINT_H
| # include <stdint.h>
| #endif
| #ifdef HAVE_STRINGS_H
| # include <strings.h>
| #endif
| #ifdef HAVE_SYS_TYPES_H
| # include <sys/types.h>
| #endif
| #ifdef HAVE_SYS_STAT_H
| # include <sys/stat.h>
| #endif
| #ifdef HAVE_UNISTD_H
| # include <unistd.h>
| #endif
| 	        enum { N = 32 / 2 - 1 };
| int
| main (void)
| {
| static int test_array [1 - 2 * !((int32_t) (((((int32_t) 1 << N) << N) - 1) * 2 + 1)
| 		 < (int32_t) (((((int32_t) 1 << N) << N) - 1) * 2 + 2))];
| test_array [0] = 0;
| return test_array [0];
| 
|   ;
|   return 0;
| }
configure:19699: result: yes
configure:19708: checking for uint32_t
configure:19708: gcc -c -g -O2  conftest.c >&5
configure:19708: $? = 0
configure:19708: result: yes
configure:19720: checking for int64_t
configure:19720: gcc -c -g -O2  conftest.c >&5
configure:19720: $? = 0
configure:19720: gcc -c -g -O2  conftest.c >&5
conftest.c: In function 'main':
conftest.c:120:67: warning: integer overflow in expression of type 'long int' results in '-9223372036854775808' [-Woverflow]
  120 |                  < (int64_t) (((((int64_t) 1 << N) << N) - 1) * 2 + 2))];
      |                                                                   ^
conftest.c:119:12: error: storage size of 'test_array' isn't constant
  119 | static int test_array [1 - 2 * !((int64_t) (((((int64_t) 1 << N) << N) - 1) * 2 + 1)
      |            ^~~~~~~~~~
configure:19720: $? = 1
configure: failed program was:
| /* confdefs.h */
| #define PACKAGE_NAME "XZ Utils"
| #define PACKAGE_TARNAME "xz"
| #define PACKAGE_VERSION "5.4.2"
| #define PACKAGE_STRING "XZ Utils 5.4.2"
| #define PACKAGE_BUGREPORT "xz@tukaani.org"
| #define PACKAGE_URL "https://tukaani.org/xz/"
| #define NDEBUG 1
| #define HAVE_ENCODER_LZMA1 1
| #define HAVE_ENCODER_LZMA2 1
| #define HAVE_ENCODER_DELTA 1
| #define HAVE_ENCODER_X86 1
| #define HAVE_ENCODER_POWERPC 1
| #define HAVE_ENCODER_IA64 1
| #define HAVE_ENCODER_ARM 1
| #define HAVE_ENCODER_ARMTHUMB 1
| #define HAVE_ENCODER_ARM64 1
| #define HAVE_ENCODER_SPARC 1
| #define HAVE_ENCODERS 1
| #define HAVE_DECODER_LZMA1 1
| #define HAVE_DECODER_LZMA2 1
| #define HAVE_DECODER_DELTA 1
| #define HAVE_DECODER_X86 1
| #define HAVE_DECODER_POWERPC 1
| #define HAVE_DECODER_IA64 1
| #define HAVE_DECODER_ARM 1
| #define HAVE_DECODER_ARMTHUMB 1
| #define HAVE_DECODER_ARM64 1
| #define HAVE_DECODER_SPARC 1
| #define HAVE_DECODERS 1
| #define HAVE_MF_HC3 1
| #define HAVE_MF_HC4 1
| #define HAVE_MF_BT2 1
| #define HAVE_MF_BT3 1
| #define HAVE_MF_BT4 1
| #define HAVE_CHECK_CRC32 1
| #define HAVE_CHECK_CRC64 1
| #define HAVE_CHECK_SHA256 1
| #define HAVE_LZIP_DECODER 1
| #define ASSUME_RAM 128
| #define PACKAGE "xz"
| #define VERSION "5.4.2"
| #define HAVE_STDIO_H 1
| #define HAVE_STDLIB_H 1
| #define HAVE_STRING_H 1
| #define HAVE_INTTYPES_H 1
| #define HAVE_STDINT_H 1
| #define HAVE_STRINGS_H 1
| #define HAVE_SYS_STAT_H 1
| #define HAVE_SYS_TYPES_H 1
| #define HAVE_UNISTD_H 1
| #define HAVE_WCHAR_H 1
| #define STDC_HEADERS 1
| #define _ALL_SOURCE 1
| #define _DARWIN_C_SOURCE 1
| #define _GNU_SOURCE 1
| #define _HPUX_ALT_XOPEN_SOCKET_API 1
| #define _NETBSD_SOURCE 1
| #define _OPENBSD_SOURCE 1
| #define _POSIX_PTHREAD_SEMANTICS 1
| #define __STDC_WANT_IEC_60559_ATTRIBS_EXT__ 1
| #define __STDC_WANT_IEC_60559_BFP_EXT__ 1
| #define __STDC_WANT_IEC_60559_DFP_EXT__ 1
| #define __STDC_WANT_IEC_60559_FUNCS_EXT__ 1
| #define __STDC_WANT_IEC_60559_TYPES_EXT__ 1
| #define __STDC_WANT_LIB_EXT2__ 1
| #define __STDC_WANT_MATH_SPEC_FUNCS__ 1
| #define _TANDEM_SOURCE 1
| #define __EXTENSIONS__ 1
| #define HAVE_PTHREAD_PRIO_INHERIT 1
| #define MYTHREAD_POSIX 1
| #define HAVE_CLOCK_GETTIME 1
| #define HAVE_PTHREAD_CONDATTR_SETCLOCK 1
| #define HAVE_CLOCK_MONOTONIC 1
| #define HAVE_DLFCN_H 1
| #define LT_OBJDIR ".libs/"
| #define ENABLE_NLS 1
| #define HAVE_GETTEXT 1
| #define HAVE_DCGETTEXT 1
| #define HAVE_FCNTL_H 1
| #define HAVE_LIMITS_H 1
| #define HAVE_SYS_TIME_H 1
| #define HAVE_IMMINTRIN_H 1
| #define HAVE_CPUID_H 1
| #define HAVE__BOOL 1
| /* end confdefs.h.  */
| #include <stddef.h>
| #ifdef HAVE_STDIO_H
| # include <stdio.h>
| #endif
| #ifdef HAVE_STDLIB_H
| # include <stdlib.h>
| #endif
| #ifdef HAVE_STRING_H
| # include <string.h>
| #endif
| #ifdef HAVE_INTTYPES_H
| # include <inttypes.h>
| #endif
| #ifdef HAVE_STDINT_H
| # include <stdint.h>
| #endif
| #ifdef HAVE_STRINGS_H
| # include <strings.h>
| #endif
| #ifdef HAVE_SYS_TYPES_H
| # include <sys/types.h>
| #endif
| #ifdef HAVE_SYS_STAT_H
| # include <sys/stat.h>
| #endif
| #ifdef HAVE_UNISTD_H
| # include <unistd.h>
| #endif
| 	        enum { N = 64 / 2 - 1 };
| int
| main (void)
| {
| static int test_array [1 - 2 * !((int64_t) (((((int64_t) 1 << N) << N) - 1) * 2 + 1)
| 		 < (int64_t) (((((int64_t) 1 << N) << N) - 1) * 2 + 2))];
| test_array [0] = 0;
| return test_array [0];
| 
|   ;
|   return 0;
| }
configure:19720: result: yes
configure:19729: checking for uint64_t
configure:19729: gcc -c -g -O2  conftest.c >&5
configure:19729: $? = 0
configure:19729: result: yes
configure:19742: checking for uintptr_t
configure:19742: gcc -c -g -O2  conftest.c >&5
configure:19742: $? = 0
configure:19742: gcc -c -g -O2  conftest.c >&5
conftest.c: In function 'main':
conftest.c:118:24: error: expected expression before ')' token
  118 | if (sizeof ((uintptr_t)))
      |                        ^
configure:19742: $? = 1
configure: failed program was:
| /* confdefs.h */
| #define PACKAGE_NAME "XZ Utils"
| #define PACKAGE_TARNAME "xz"
| #define PACKAGE_VERSION "5.4.2"
| #define PACKAGE_STRING "XZ Utils 5.4.2"
| #define PACKAGE_BUGREPORT "xz@tukaani.org"
| #define PACKAGE_URL "https://tukaani.org/xz/"
| #define NDEBUG 1
| #define HAVE_ENCODER_LZMA1 1
| #define HAVE_ENCODER_LZMA2 1
| #define HAVE_ENCODER_DELTA 1
| #define HAVE_ENCODER_X86 1
| #define HAVE_ENCODER_POWERPC 1
| #define HAVE_ENCODER_IA64 1
| #define HAVE_ENCODER_ARM 1
| #define HAVE_ENCODER_ARMTHUMB 1
| #define HAVE_ENCODER_ARM64 1
| #define HAVE_ENCODER_SPARC 1
| #define HAVE_ENCODERS 1
| #define HAVE_DECODER_LZMA1 1
| #define HAVE_DECODER_LZMA2 1
| #define HAVE_DECODER_DELTA 1
| #define HAVE_DECODER_X86 1
| #define HAVE_DECODER_POWERPC 1
| #define HAVE_DECODER_IA64 1
| #define HAVE_DECODER_ARM 1
| #define HAVE_DECODER_ARMTHUMB 1
| #define HAVE_DECODER_ARM64 1
| #define HAVE_DECODER_SPARC 1
| #define HAVE_DECODERS 1
| #define HAVE_MF_HC3 1
| #define HAVE_MF_HC4 1
| #define HAVE_MF_BT2 1
| #define HAVE_MF_BT3 1
| #define HAVE_MF_BT4 1
| #define HAVE_CHECK_CRC32 1
| #define HAVE_CHECK_CRC64 1
| #define HAVE_CHECK_SHA256 1
| #define HAVE_LZIP_DECODER 1
| #define ASSUME_RAM 128
| #define PACKAGE "xz"
| #define VERSION "5.4.2"
| #define HAVE_STDIO_H 1
| #define HAVE_STDLIB_H 1
| #define HAVE_STRING_H 1
| #define HAVE_INTTYPES_H 1
| #define HAVE_STDINT_H 1
| #define HAVE_STRINGS_H 1
| #define HAVE_SYS_STAT_H 1
| #define HAVE_SYS_TYPES_H 1
| #define HAVE_UNISTD_H 1
| #define HAVE_WCHAR_H 1
| #define STDC_HEADERS 1
| #define _ALL_SOURCE 1
| #define _DARWIN_C_SOURCE 1
| #define _GNU_SOURCE 1
| #define _HPUX_ALT_XOPEN_SOCKET_API 1
| #define _NETBSD_SOURCE 1
| #define _OPENBSD_SOURCE 1
| #define _POSIX_PTHREAD_SEMANTICS 1
| #define __STDC_WANT_IEC_60559_ATTRIBS_EXT__ 1
| #define __STDC_WANT_IEC_60559_BFP_EXT__ 1
| #define __STDC_WANT_IEC_60559_DFP_EXT__ 1
| #define __STDC_WANT_IEC_60559_FUNCS_EXT__ 1
| #define __STDC_WANT_IEC_60559_TYPES_EXT__ 1
| #define __STDC_WANT_LIB_EXT2__ 1
| #define __STDC_WANT_MATH_SPEC_FUNCS__ 1
| #define _TANDEM_SOURCE 1
| #define __EXTENSIONS__ 1
| #define HAVE_PTHREAD_PRIO_INHERIT 1
| #define MYTHREAD_POSIX 1
| #define HAVE_CLOCK_GETTIME 1
| #define HAVE_PTHREAD_CONDATTR_SETCLOCK 1
| #define HAVE_CLOCK_MONOTONIC 1
| #define HAVE_DLFCN_H 1
| #define LT_OBJDIR ".libs/"
| #define ENABLE_NLS 1
| #define HAVE_GETTEXT 1
| #define HAVE_DCGETTEXT 1
| #define HAVE_FCNTL_H 1
| #define HAVE_LIMITS_H 1
| #define HAVE_SYS_TIME_H 1
| #define HAVE_IMMINTRIN_H 1
| #define HAVE_CPUID_H 1
| #define HAVE__BOOL 1
| /* end confdefs.h.  */
| #include <stddef.h>
| #ifdef HAVE_STDIO_H
| # include <stdio.h>
| #endif
| #ifdef HAVE_STDLIB_H
| # include <stdlib.h>
| #endif
| #ifdef HAVE_STRING_H
| # include <string.h>
| #endif
| #ifdef HAVE_INTTYPES_H
| # include <inttypes.h>
| #endif
| #ifdef HAVE_STDINT_H
| # include <stdint.h>
| #endif
| #ifdef HAVE_STRINGS_H
| # include <strings.h>
| #endif
| #ifdef HAVE_SYS_TYPES_H
| # include <sys/types.h>
| #endif
| #ifdef HAVE_SYS_STAT_H
| # include <sys/stat.h>
| #endif
| #ifdef HAVE_UNISTD_H
| # include <unistd.h>
| #endif
| int
| main (void)
| {
| if (sizeof ((uintptr_t)))
| 	    return 0;
|   ;
|   return 0;
| }
configure:19742: result: yes
configure:19783: checking size of size_t
configure:19789: gcc -o conftest -g -O2   conftest.c  -lpthread >&5
configure:19789: $? = 0
configure:19789: ./conftest
configure:19789: $? = 0
configure:19804: result: 8
configure:19816: checking for struct stat.st_atim.tv_nsec
configure:19816: gcc -c -g -O2  conftest.c >&5
configure:19816: $? = 0
configure:19816: result: yes
configure:19824: checking for struct stat.st_atimespec.tv_nsec
configure:19824: gcc -c -g -O2  conftest.c >&5
conftest.c: In function 'main':
conftest.c:122:12: error: 'struct stat' has no member named 'st_atimespec'
  122 | if (ac_aggr.st_atimespec.tv_nsec)
      |            ^
configure:19824: $? = 1
configure: failed program was:
| /* confdefs.h */
| #define PACKAGE_NAME "XZ Utils"
| #define PACKAGE_TARNAME "xz"
| #define PACKAGE_VERSION "5.4.2"
| #define PACKAGE_STRING "XZ Utils 5.4.2"
| #define PACKAGE_BUGREPORT "xz@tukaani.org"
| #define PACKAGE_URL "https://tukaani.org/xz/"
| #define NDEBUG 1
| #define HAVE_ENCODER_LZMA1 1
| #define HAVE_ENCODER_LZMA2 1
| #define HAVE_ENCODER_DELTA 1
| #define HAVE_ENCODER_X86 1
| #define HAVE_ENCODER_POWERPC 1
| #define HAVE_ENCODER_IA64 1
| #define HAVE_ENCODER_ARM 1
| #define HAVE_ENCODER_ARMTHUMB 1
| #define HAVE_ENCODER_ARM64 1
| #define HAVE_ENCODER_SPARC 1
| #define HAVE_ENCODERS 1
| #define HAVE_DECODER_LZMA1 1
| #define HAVE_DECODER_LZMA2 1
| #define HAVE_DECODER_DELTA 1
| #define HAVE_DECODER_X86 1
| #define HAVE_DECODER_POWERPC 1
| #define HAVE_DECODER_IA64 1
| #define HAVE_DECODER_ARM 1
| #define HAVE_DECODER_ARMTHUMB 1
| #define HAVE_DECODER_ARM64 1
| #define HAVE_DECODER_SPARC 1
| #define HAVE_DECODERS 1
| #define HAVE_MF_HC3 1
| #define HAVE_MF_HC4 1
| #define HAVE_MF_BT2 1
| #define HAVE_MF_BT3 1
| #define HAVE_MF_BT4 1
| #define HAVE_CHECK_CRC32 1
| #define HAVE_CHECK_CRC64 1
| #define HAVE_CHECK_SHA256 1
| #define HAVE_LZIP_DECODER 1
| #define ASSUME_RAM 128
| #define PACKAGE "xz"
| #define VERSION "5.4.2"
| #define HAVE_STDIO_H 1
| #define HAVE_STDLIB_H 1
| #define HAVE_STRING_H 1
| #define HAVE_INTTYPES_H 1
| #define HAVE_STDINT_H 1
| #define HAVE_STRINGS_H 1
| #define HAVE_SYS_STAT_H 1
| #define HAVE_SYS_TYPES_H 1
| #define HAVE_UNISTD_H 1
| #define HAVE_WCHAR_H 1
| #define STDC_HEADERS 1
| #define _ALL_SOURCE 1
| #define _DARWIN_C_SOURCE 1
| #define _GNU_SOURCE 1
| #define _HPUX_ALT_XOPEN_SOCKET_API 1
| #define _NETBSD_SOURCE 1
| #define _OPENBSD_SOURCE 1
| #define _POSIX_PTHREAD_SEMANTICS 1
| #define __STDC_WANT_IEC_60559_ATTRIBS_EXT__ 1
| #define __STDC_WANT_IEC_60559_BFP_EXT__ 1
| #define __STDC_WANT_IEC_60559_DFP_EXT__ 1
| #define __STDC_WANT_IEC_60559_FUNCS_EXT__ 1
| #define __STDC_WANT_IEC_60559_TYPES_EXT__ 1
| #define __STDC_WANT_LIB_EXT2__ 1
| #define __STDC_WANT_MATH_SPEC_FUNCS__ 1
| #define _TANDEM_SOURCE 1
| #define __EXTENSIONS__ 1
| #define HAVE_PTHREAD_PRIO_INHERIT 1
| #define MYTHREAD_POSIX 1
| #define HAVE_CLOCK_GETTIME 1
| #define HAVE_PTHREAD_CONDATTR_SETCLOCK 1
| #define HAVE_CLOCK_MONOTONIC 1
| #define HAVE_DLFCN_H 1
| #define LT_OBJDIR ".libs/"
| #define ENABLE_NLS 1
| #define HAVE_GETTEXT 1
| #define HAVE_DCGETTEXT 1
| #define HAVE_FCNTL_H 1
| #define HAVE_LIMITS_H 1
| #define HAVE_SYS_TIME_H 1
| #define HAVE_IMMINTRIN_H 1
| #define HAVE_CPUID_H 1
| #define HAVE__BOOL 1
| #define HAVE_UINTPTR_T 1
| #define SIZEOF_SIZE_T 8
| #define HAVE_STRUCT_STAT_ST_ATIM_TV_NSEC 1
| /* end confdefs.h.  */
| #include <stddef.h>
| #ifdef HAVE_STDIO_H
| # include <stdio.h>
| #endif
| #ifdef HAVE_STDLIB_H
| # include <stdlib.h>
| #endif
| #ifdef HAVE_STRING_H
| # include <string.h>
| #endif
| #ifdef HAVE_INTTYPES_H
| # include <inttypes.h>
| #endif
| #ifdef HAVE_STDINT_H
| # include <stdint.h>
| #endif
| #ifdef HAVE_STRINGS_H
| # include <strings.h>
| #endif
| #ifdef HAVE_SYS_TYPES_H
| # include <sys/types.h>
| #endif
| #ifdef HAVE_SYS_STAT_H
| # include <sys/stat.h>
| #endif
| #ifdef HAVE_UNISTD_H
| # include <unistd.h>
| #endif
| int
| main (void)
| {
| static struct stat ac_aggr;
| if (ac_aggr.st_atimespec.tv_nsec)
| return 0;
|   ;
|   return 0;
| }
configure:19824: gcc -c -g -O2  conftest.c >&5
conftest.c: In function 'main':
conftest.c:122:19: error: 'struct stat' has no member named 'st_atimespec'
  122 | if (sizeof ac_aggr.st_atimespec.tv_nsec)
      |                   ^
configure:19824: $? = 1
configure: failed program was:
| /* confdefs.h */
| #define PACKAGE_NAME "XZ Utils"
| #define PACKAGE_TARNAME "xz"
| #define PACKAGE_VERSION "5.4.2"
| #define PACKAGE_STRING "XZ Utils 5.4.2"
| #define PACKAGE_BUGREPORT "xz@tukaani.org"
| #define PACKAGE_URL "https://tukaani.org/xz/"
| #define NDEBUG 1
| #define HAVE_ENCODER_LZMA1 1
| #define HAVE_ENCODER_LZMA2 1
| #define HAVE_ENCODER_DELTA 1
| #define HAVE_ENCODER_X86 1
| #define HAVE_ENCODER_POWERPC 1
| #define HAVE_ENCODER_IA64 1
| #define HAVE_ENCODER_ARM 1
| #define HAVE_ENCODER_ARMTHUMB 1
| #define HAVE_ENCODER_ARM64 1
| #define HAVE_ENCODER_SPARC 1
| #define HAVE_ENCODERS 1
| #define HAVE_DECODER_LZMA1 1
| #define HAVE_DECODER_LZMA2 1
| #define HAVE_DECODER_DELTA 1
| #define HAVE_DECODER_X86 1
| #define HAVE_DECODER_POWERPC 1
| #define HAVE_DECODER_IA64 1
| #define HAVE_DECODER_ARM 1
| #define HAVE_DECODER_ARMTHUMB 1
| #define HAVE_DECODER_ARM64 1
| #define HAVE_DECODER_SPARC 1
| #define HAVE_DECODERS 1
| #define HAVE_MF_HC3 1
| #define HAVE_MF_HC4 1
| #define HAVE_MF_BT2 1
| #define HAVE_MF_BT3 1
| #define HAVE_MF_BT4 1
| #define HAVE_CHECK_CRC32 1
| #define HAVE_CHECK_CRC64 1
| #define HAVE_CHECK_SHA256 1
| #define HAVE_LZIP_DECODER 1
| #define ASSUME_RAM 128
| #define PACKAGE "xz"
| #define VERSION "5.4.2"
| #define HAVE_STDIO_H 1
| #define HAVE_STDLIB_H 1
| #define HAVE_STRING_H 1
| #define HAVE_INTTYPES_H 1
| #define HAVE_STDINT_H 1
| #define HAVE_STRINGS_H 1
| #define HAVE_SYS_STAT_H 1
| #define HAVE_SYS_TYPES_H 1
| #define HAVE_UNISTD_H 1
| #define HAVE_WCHAR_H 1
| #define STDC_HEADERS 1
| #define _ALL_SOURCE 1
| #define _DARWIN_C_SOURCE 1
| #define _GNU_SOURCE 1
| #define _HPUX_ALT_XOPEN_SOCKET_API 1
| #define _NETBSD_SOURCE 1
| #define _OPENBSD_SOURCE 1
| #define _POSIX_PTHREAD_SEMANTICS 1
| #define __STDC_WANT_IEC_60559_ATTRIBS_EXT__ 1
| #define __STDC_WANT_IEC_60559_BFP_EXT__ 1
| #define __STDC_WANT_IEC_60559_DFP_EXT__ 1
| #define __STDC_WANT_IEC_60559_FUNCS_EXT__ 1
| #define __STDC_WANT_IEC_60559_TYPES_EXT__ 1
| #define __STDC_WANT_LIB_EXT2__ 1
| #define __STDC_WANT_MATH_SPEC_FUNCS__ 1
| #define _TANDEM_SOURCE 1
| #define __EXTENSIONS__ 1
| #define HAVE_PTHREAD_PRIO_INHERIT 1
| #define MYTHREAD_POSIX 1
| #define HAVE_CLOCK_GETTIME 1
| #define HAVE_PTHREAD_CONDATTR_SETCLOCK 1
| #define HAVE_CLOCK_MONOTONIC 1
| #define HAVE_DLFCN_H 1
| #define LT_OBJDIR ".libs/"
| #define ENABLE_NLS 1
| #define HAVE_GETTEXT 1
| #define HAVE_DCGETTEXT 1
| #define HAVE_FCNTL_H 1
| #define HAVE_LIMITS_H 1
| #define HAVE_SYS_TIME_H 1
| #define HAVE_IMMINTRIN_H 1
| #define HAVE_CPUID_H 1
| #define HAVE__BOOL 1
| #define HAVE_UINTPTR_T 1
| #define SIZEOF_SIZE_T 8
| #define HAVE_STRUCT_STAT_ST_ATIM_TV_NSEC 1
| /* end confdefs.h.  */
| #include <stddef.h>
| #ifdef HAVE_STDIO_H
| # include <stdio.h>
| #endif
| #ifdef HAVE_STDLIB_H
| # include <stdlib.h>
| #endif
| #ifdef HAVE_STRING_H
| # include <string.h>
| #endif
| #ifdef HAVE_INTTYPES_H
| # include <inttypes.h>
| #endif
| #ifdef HAVE_STDINT_H
| # include <stdint.h>
| #endif
| #ifdef HAVE_STRINGS_H
| # include <strings.h>
| #endif
| #ifdef HAVE_SYS_TYPES_H
| # include <sys/types.h>
| #endif
| #ifdef HAVE_SYS_STAT_H
| # include <sys/stat.h>
| #endif
| #ifdef HAVE_UNISTD_H
| # include <unistd.h>
| #endif
| int
| main (void)
| {
| static struct stat ac_aggr;
| if (sizeof ac_aggr.st_atimespec.tv_nsec)
| return 0;
|   ;
|   return 0;
| }
configure:19824: result: no
configure:19832: checking for struct stat.st_atimensec
configure:19832: gcc -c -g -O2  conftest.c >&5
conftest.c: In function 'main':
conftest.c:122:12: error: 'struct stat' has no member named 'st_atimensec'
  122 | if (ac_aggr.st_atimensec)
      |            ^
configure:19832: $? = 1
configure: failed program was:
| /* confdefs.h */
| #define PACKAGE_NAME "XZ Utils"
| #define PACKAGE_TARNAME "xz"
| #define PACKAGE_VERSION "5.4.2"
| #define PACKAGE_STRING "XZ Utils 5.4.2"
| #define PACKAGE_BUGREPORT "xz@tukaani.org"
| #define PACKAGE_URL "https://tukaani.org/xz/"
| #define NDEBUG 1
| #define HAVE_ENCODER_LZMA1 1
| #define HAVE_ENCODER_LZMA2 1
| #define HAVE_ENCODER_DELTA 1
| #define HAVE_ENCODER_X86 1
| #define HAVE_ENCODER_POWERPC 1
| #define HAVE_ENCODER_IA64 1
| #define HAVE_ENCODER_ARM 1
| #define HAVE_ENCODER_ARMTHUMB 1
| #define HAVE_ENCODER_ARM64 1
| #define HAVE_ENCODER_SPARC 1
| #define HAVE_ENCODERS 1
| #define HAVE_DECODER_LZMA1 1
| #define HAVE_DECODER_LZMA2 1
| #define HAVE_DECODER_DELTA 1
| #define HAVE_DECODER_X86 1
| #define HAVE_DECODER_POWERPC 1
| #define HAVE_DECODER_IA64 1
| #define HAVE_DECODER_ARM 1
| #define HAVE_DECODER_ARMTHUMB 1
| #define HAVE_DECODER_ARM64 1
| #define HAVE_DECODER_SPARC 1
| #define HAVE_DECODERS 1
| #define HAVE_MF_HC3 1
| #define HAVE_MF_HC4 1
| #define HAVE_MF_BT2 1
| #define HAVE_MF_BT3 1
| #define HAVE_MF_BT4 1
| #define HAVE_CHECK_CRC32 1
| #define HAVE_CHECK_CRC64 1
| #define HAVE_CHECK_SHA256 1
| #define HAVE_LZIP_DECODER 1
| #define ASSUME_RAM 128
| #define PACKAGE "xz"
| #define VERSION "5.4.2"
| #define HAVE_STDIO_H 1
| #define HAVE_STDLIB_H 1
| #define HAVE_STRING_H 1
| #define HAVE_INTTYPES_H 1
| #define HAVE_STDINT_H 1
| #define HAVE_STRINGS_H 1
| #define HAVE_SYS_STAT_H 1
| #define HAVE_SYS_TYPES_H 1
| #define HAVE_UNISTD_H 1
| #define HAVE_WCHAR_H 1
| #define STDC_HEADERS 1
| #define _ALL_SOURCE 1
| #define _DARWIN_C_SOURCE 1
| #define _GNU_SOURCE 1
| #define _HPUX_ALT_XOPEN_SOCKET_API 1
| #define _NETBSD_SOURCE 1
| #define _OPENBSD_SOURCE 1
| #define _POSIX_PTHREAD_SEMANTICS 1
| #define __STDC_WANT_IEC_60559_ATTRIBS_EXT__ 1
| #define __STDC_WANT_IEC_60559_BFP_EXT__ 1
| #define __STDC_WANT_IEC_60559_DFP_EXT__ 1
| #define __STDC_WANT_IEC_60559_FUNCS_EXT__ 1
| #define __STDC_WANT_IEC_60559_TYPES_EXT__ 1
| #define __STDC_WANT_LIB_EXT2__ 1
| #define __STDC_WANT_MATH_SPEC_FUNCS__ 1
| #define _TANDEM_SOURCE 1
| #define __EXTENSIONS__ 1
| #define HAVE_PTHREAD_PRIO_INHERIT 1
| #define MYTHREAD_POSIX 1
| #define HAVE_CLOCK_GETTIME 1
| #define HAVE_PTHREAD_CONDATTR_SETCLOCK 1
| #define HAVE_CLOCK_MONOTONIC 1
| #define HAVE_DLFCN_H 1
| #define LT_OBJDIR ".libs/"
| #define ENABLE_NLS 1
| #define HAVE_GETTEXT 1
| #define HAVE_DCGETTEXT 1
| #define HAVE_FCNTL_H 1
| #define HAVE_LIMITS_H 1
| #define HAVE_SYS_TIME_H 1
| #define HAVE_IMMINTRIN_H 1
| #define HAVE_CPUID_H 1
| #define HAVE__BOOL 1
| #define HAVE_UINTPTR_T 1
| #define SIZEOF_SIZE_T 8
| #define HAVE_STRUCT_STAT_ST_ATIM_TV_NSEC 1
| /* end confdefs.h.  */
| #include <stddef.h>
| #ifdef HAVE_STDIO_H
| # include <stdio.h>
| #endif
| #ifdef HAVE_STDLIB_H
| # include <stdlib.h>
| #endif
| #ifdef HAVE_STRING_H
| # include <string.h>
| #endif
| #ifdef HAVE_INTTYPES_H
| # include <inttypes.h>
| #endif
| #ifdef HAVE_STDINT_H
| # include <stdint.h>
| #endif
| #ifdef HAVE_STRINGS_H
| # include <strings.h>
| #endif
| #ifdef HAVE_SYS_TYPES_H
| # include <sys/types.h>
| #endif
| #ifdef HAVE_SYS_STAT_H
| # include <sys/stat.h>
| #endif
| #ifdef HAVE_UNISTD_H
| # include <unistd.h>
| #endif
| int
| main (void)
| {
| static struct stat ac_aggr;
| if (ac_aggr.st_atimensec)
| return 0;
|   ;
|   return 0;
| }
configure:19832: gcc -c -g -O2  conftest.c >&5
conftest.c: In function 'main':
conftest.c:122:19: error: 'struct stat' has no member named 'st_atimensec'
  122 | if (sizeof ac_aggr.st_atimensec)
      |                   ^
configure:19832: $? = 1
configure: failed program was:
| /* confdefs.h */
| #define PACKAGE_NAME "XZ Utils"
| #define PACKAGE_TARNAME "xz"
| #define PACKAGE_VERSION "5.4.2"
| #define PACKAGE_STRING "XZ Utils 5.4.2"
| #define PACKAGE_BUGREPORT "xz@tukaani.org"
| #define PACKAGE_URL "https://tukaani.org/xz/"
| #define NDEBUG 1
| #define HAVE_ENCODER_LZMA1 1
| #define HAVE_ENCODER_LZMA2 1
| #define HAVE_ENCODER_DELTA 1
| #define HAVE_ENCODER_X86 1
| #define HAVE_ENCODER_POWERPC 1
| #define HAVE_ENCODER_IA64 1
| #define HAVE_ENCODER_ARM 1
| #define HAVE_ENCODER_ARMTHUMB 1
| #define HAVE_ENCODER_ARM64 1
| #define HAVE_ENCODER_SPARC 1
| #define HAVE_ENCODERS 1
| #define HAVE_DECODER_LZMA1 1
| #define HAVE_DECODER_LZMA2 1
| #define HAVE_DECODER_DELTA 1
| #define HAVE_DECODER_X86 1
| #define HAVE_DECODER_POWERPC 1
| #define HAVE_DECODER_IA64 1
| #define HAVE_DECODER_ARM 1
| #define HAVE_DECODER_ARMTHUMB 1
| #define HAVE_DECODER_ARM64 1
| #define HAVE_DECODER_SPARC 1
| #define HAVE_DECODERS 1
| #define HAVE_MF_HC3 1
| #define HAVE_MF_HC4 1
| #define HAVE_MF_BT2 1
| #define HAVE_MF_BT3 1
| #define HAVE_MF_BT4 1
| #define HAVE_CHECK_CRC32 1
| #define HAVE_CHECK_CRC64 1
| #define HAVE_CHECK_SHA256 1
| #define HAVE_LZIP_DECODER 1
| #define ASSUME_RAM 128
| #define PACKAGE "xz"
| #define VERSION "5.4.2"
| #define HAVE_STDIO_H 1
| #define HAVE_STDLIB_H 1
| #define HAVE_STRING_H 1
| #define HAVE_INTTYPES_H 1
| #define HAVE_STDINT_H 1
| #define HAVE_STRINGS_H 1
| #define HAVE_SYS_STAT_H 1
| #define HAVE_SYS_TYPES_H 1
| #define HAVE_UNISTD_H 1
| #define HAVE_WCHAR_H 1
| #define STDC_HEADERS 1
| #define _ALL_SOURCE 1
| #define _DARWIN_C_SOURCE 1
| #define _GNU_SOURCE 1
| #define _HPUX_ALT_XOPEN_SOCKET_API 1
| #define _NETBSD_SOURCE 1
| #define _OPENBSD_SOURCE 1
| #define _POSIX_PTHREAD_SEMANTICS 1
| #define __STDC_WANT_IEC_60559_ATTRIBS_EXT__ 1
| #define __STDC_WANT_IEC_60559_BFP_EXT__ 1
| #define __STDC_WANT_IEC_60559_DFP_EXT__ 1
| #define __STDC_WANT_IEC_60559_FUNCS_EXT__ 1
| #define __STDC_WANT_IEC_60559_TYPES_EXT__ 1
| #define __STDC_WANT_LIB_EXT2__ 1
| #define __STDC_WANT_MATH_SPEC_FUNCS__ 1
| #define _TANDEM_SOURCE 1
| #define __EXTENSIONS__ 1
| #define HAVE_PTHREAD_PRIO_INHERIT 1
| #define MYTHREAD_POSIX 1
| #define HAVE_CLOCK_GETTIME 1
| #define HAVE_PTHREAD_CONDATTR_SETCLOCK 1
| #define HAVE_CLOCK_MONOTONIC 1
| #define HAVE_DLFCN_H 1
| #define LT_OBJDIR ".libs/"
| #define ENABLE_NLS 1
| #define HAVE_GETTEXT 1
| #define HAVE_DCGETTEXT 1
| #define HAVE_FCNTL_H 1
| #define HAVE_LIMITS_H 1
| #define HAVE_SYS_TIME_H 1
| #define HAVE_IMMINTRIN_H 1
| #define HAVE_CPUID_H 1
| #define HAVE__BOOL 1
| #define HAVE_UINTPTR_T 1
| #define SIZEOF_SIZE_T 8
| #define HAVE_STRUCT_STAT_ST_ATIM_TV_NSEC 1
| /* end confdefs.h.  */
| #include <stddef.h>
| #ifdef HAVE_STDIO_H
| # include <stdio.h>
| #endif
| #ifdef HAVE_STDLIB_H
| # include <stdlib.h>
| #endif
| #ifdef HAVE_STRING_H
| # include <string.h>
| #endif
| #ifdef HAVE_INTTYPES_H
| # include <inttypes.h>
| #endif
| #ifdef HAVE_STDINT_H
| # include <stdint.h>
| #endif
| #ifdef HAVE_STRINGS_H
| # include <strings.h>
| #endif
| #ifdef HAVE_SYS_TYPES_H
| # include <sys/types.h>
| #endif
| #ifdef HAVE_SYS_STAT_H
| # include <sys/stat.h>
| #endif
| #ifdef HAVE_UNISTD_H
| # include <unistd.h>
| #endif
| int
| main (void)
| {
| static struct stat ac_aggr;
| if (sizeof ac_aggr.st_atimensec)
| return 0;
|   ;
|   return 0;
| }
configure:19832: result: no
configure:19840: checking for struct stat.st_uatime
configure:19840: gcc -c -g -O2  conftest.c >&5
conftest.c: In function 'main':
conftest.c:122:13: error: 'struct stat' has no member named 'st_uatime'; did you mean 'st_atim'?
  122 | if (ac_aggr.st_uatime)
      |             ^~~~~~~~~
      |             st_atim
configure:19840: $? = 1
configure: failed program was:
| /* confdefs.h */
| #define PACKAGE_NAME "XZ Utils"
| #define PACKAGE_TARNAME "xz"
| #define PACKAGE_VERSION "5.4.2"
| #define PACKAGE_STRING "XZ Utils 5.4.2"
| #define PACKAGE_BUGREPORT "xz@tukaani.org"
| #define PACKAGE_URL "https://tukaani.org/xz/"
| #define NDEBUG 1
| #define HAVE_ENCODER_LZMA1 1
| #define HAVE_ENCODER_LZMA2 1
| #define HAVE_ENCODER_DELTA 1
| #define HAVE_ENCODER_X86 1
| #define HAVE_ENCODER_POWERPC 1
| #define HAVE_ENCODER_IA64 1
| #define HAVE_ENCODER_ARM 1
| #define HAVE_ENCODER_ARMTHUMB 1
| #define HAVE_ENCODER_ARM64 1
| #define HAVE_ENCODER_SPARC 1
| #define HAVE_ENCODERS 1
| #define HAVE_DECODER_LZMA1 1
| #define HAVE_DECODER_LZMA2 1
| #define HAVE_DECODER_DELTA 1
| #define HAVE_DECODER_X86 1
| #define HAVE_DECODER_POWERPC 1
| #define HAVE_DECODER_IA64 1
| #define HAVE_DECODER_ARM 1
| #define HAVE_DECODER_ARMTHUMB 1
| #define HAVE_DECODER_ARM64 1
| #define HAVE_DECODER_SPARC 1
| #define HAVE_DECODERS 1
| #define HAVE_MF_HC3 1
| #define HAVE_MF_HC4 1
| #define HAVE_MF_BT2 1
| #define HAVE_MF_BT3 1
| #define HAVE_MF_BT4 1
| #define HAVE_CHECK_CRC32 1
| #define HAVE_CHECK_CRC64 1
| #define HAVE_CHECK_SHA256 1
| #define HAVE_LZIP_DECODER 1
| #define ASSUME_RAM 128
| #define PACKAGE "xz"
| #define VERSION "5.4.2"
| #define HAVE_STDIO_H 1
| #define HAVE_STDLIB_H 1
| #define HAVE_STRING_H 1
| #define HAVE_INTTYPES_H 1
| #define HAVE_STDINT_H 1
| #define HAVE_STRINGS_H 1
| #define HAVE_SYS_STAT_H 1
| #define HAVE_SYS_TYPES_H 1
| #define HAVE_UNISTD_H 1
| #define HAVE_WCHAR_H 1
| #define STDC_HEADERS 1
| #define _ALL_SOURCE 1
| #define _DARWIN_C_SOURCE 1
| #define _GNU_SOURCE 1
| #define _HPUX_ALT_XOPEN_SOCKET_API 1
| #define _NETBSD_SOURCE 1
| #define _OPENBSD_SOURCE 1
| #define _POSIX_PTHREAD_SEMANTICS 1
| #define __STDC_WANT_IEC_60559_ATTRIBS_EXT__ 1
| #define __STDC_WANT_IEC_60559_BFP_EXT__ 1
| #define __STDC_WANT_IEC_60559_DFP_EXT__ 1
| #define __STDC_WANT_IEC_60559_FUNCS_EXT__ 1
| #define __STDC_WANT_IEC_60559_TYPES_EXT__ 1
| #define __STDC_WANT_LIB_EXT2__ 1
| #define __STDC_WANT_MATH_SPEC_FUNCS__ 1
| #define _TANDEM_SOURCE 1
| #define __EXTENSIONS__ 1
| #define HAVE_PTHREAD_PRIO_INHERIT 1
| #define MYTHREAD_POSIX 1
| #define HAVE_CLOCK_GETTIME 1
| #define HAVE_PTHREAD_CONDATTR_SETCLOCK 1
| #define HAVE_CLOCK_MONOTONIC 1
| #define HAVE_DLFCN_H 1
| #define LT_OBJDIR ".libs/"
| #define ENABLE_NLS 1
| #define HAVE_GETTEXT 1
| #define HAVE_DCGETTEXT 1
| #define HAVE_FCNTL_H 1
| #define HAVE_LIMITS_H 1
| #define HAVE_SYS_TIME_H 1
| #define HAVE_IMMINTRIN_H 1
| #define HAVE_CPUID_H 1
| #define HAVE__BOOL 1
| #define HAVE_UINTPTR_T 1
| #define SIZEOF_SIZE_T 8
| #define HAVE_STRUCT_STAT_ST_ATIM_TV_NSEC 1
| /* end confdefs.h.  */
| #include <stddef.h>
| #ifdef HAVE_STDIO_H
| # include <stdio.h>
| #endif
| #ifdef HAVE_STDLIB_H
| # include <stdlib.h>
| #endif
| #ifdef HAVE_STRING_H
| # include <string.h>
| #endif
| #ifdef HAVE_INTTYPES_H
| # include <inttypes.h>
| #endif
| #ifdef HAVE_STDINT_H
| # include <stdint.h>
| #endif
| #ifdef HAVE_STRINGS_H
| # include <strings.h>
| #endif
| #ifdef HAVE_SYS_TYPES_H
| # include <sys/types.h>
| #endif
| #ifdef HAVE_SYS_STAT_H
| # include <sys/stat.h>
| #endif
| #ifdef HAVE_UNISTD_H
| # include <unistd.h>
| #endif
| int
| main (void)
| {
| static struct stat ac_aggr;
| if (ac_aggr.st_uatime)
| return 0;
|   ;
|   return 0;
| }
configure:19840: gcc -c -g -O2  conftest.c >&5
conftest.c: In function 'main':
conftest.c:122:20: error: 'struct stat' has no member named 'st_uatime'; did you mean 'st_atim'?
  122 | if (sizeof ac_aggr.st_uatime)
      |                    ^~~~~~~~~
      |                    st_atim
configure:19840: $? = 1
configure: failed program was:
| /* confdefs.h */
| #define PACKAGE_NAME "XZ Utils"
| #define PACKAGE_TARNAME "xz"
| #define PACKAGE_VERSION "5.4.2"
| #define PACKAGE_STRING "XZ Utils 5.4.2"
| #define PACKAGE_BUGREPORT "xz@tukaani.org"
| #define PACKAGE_URL "https://tukaani.org/xz/"
| #define NDEBUG 1
| #define HAVE_ENCODER_LZMA1 1
| #define HAVE_ENCODER_LZMA2 1
| #define HAVE_ENCODER_DELTA 1
| #define HAVE_ENCODER_X86 1
| #define HAVE_ENCODER_POWERPC 1
| #define HAVE_ENCODER_IA64 1
| #define HAVE_ENCODER_ARM 1
| #define HAVE_ENCODER_ARMTHUMB 1
| #define HAVE_ENCODER_ARM64 1
| #define HAVE_ENCODER_SPARC 1
| #define HAVE_ENCODERS 1
| #define HAVE_DECODER_LZMA1 1
| #define HAVE_DECODER_LZMA2 1
| #define HAVE_DECODER_DELTA 1
| #define HAVE_DECODER_X86 1
| #define HAVE_DECODER_POWERPC 1
| #define HAVE_DECODER_IA64 1
| #define HAVE_DECODER_ARM 1
| #define HAVE_DECODER_ARMTHUMB 1
| #define HAVE_DECODER_ARM64 1
| #define HAVE_DECODER_SPARC 1
| #define HAVE_DECODERS 1
| #define HAVE_MF_HC3 1
| #define HAVE_MF_HC4 1
| #define HAVE_MF_BT2 1
| #define HAVE_MF_BT3 1
| #define HAVE_MF_BT4 1
| #define HAVE_CHECK_CRC32 1
| #define HAVE_CHECK_CRC64 1
| #define HAVE_CHECK_SHA256 1
| #define HAVE_LZIP_DECODER 1
| #define ASSUME_RAM 128
| #define PACKAGE "xz"
| #define VERSION "5.4.2"
| #define HAVE_STDIO_H 1
| #define HAVE_STDLIB_H 1
| #define HAVE_STRING_H 1
| #define HAVE_INTTYPES_H 1
| #define HAVE_STDINT_H 1
| #define HAVE_STRINGS_H 1
| #define HAVE_SYS_STAT_H 1
| #define HAVE_SYS_TYPES_H 1
| #define HAVE_UNISTD_H 1
| #define HAVE_WCHAR_H 1
| #define STDC_HEADERS 1
| #define _ALL_SOURCE 1
| #define _DARWIN_C_SOURCE 1
| #define _GNU_SOURCE 1
| #define _HPUX_ALT_XOPEN_SOCKET_API 1
| #define _NETBSD_SOURCE 1
| #define _OPENBSD_SOURCE 1
| #define _POSIX_PTHREAD_SEMANTICS 1
| #define __STDC_WANT_IEC_60559_ATTRIBS_EXT__ 1
| #define __STDC_WANT_IEC_60559_BFP_EXT__ 1
| #define __STDC_WANT_IEC_60559_DFP_EXT__ 1
| #define __STDC_WANT_IEC_60559_FUNCS_EXT__ 1
| #define __STDC_WANT_IEC_60559_TYPES_EXT__ 1
| #define __STDC_WANT_LIB_EXT2__ 1
| #define __STDC_WANT_MATH_SPEC_FUNCS__ 1
| #define _TANDEM_SOURCE 1
| #define __EXTENSIONS__ 1
| #define HAVE_PTHREAD_PRIO_INHERIT 1
| #define MYTHREAD_POSIX 1
| #define HAVE_CLOCK_GETTIME 1
| #define HAVE_PTHREAD_CONDATTR_SETCLOCK 1
| #define HAVE_CLOCK_MONOTONIC 1
| #define HAVE_DLFCN_H 1
| #define LT_OBJDIR ".libs/"
| #define ENABLE_NLS 1
| #define HAVE_GETTEXT 1
| #define HAVE_DCGETTEXT 1
| #define HAVE_FCNTL_H 1
| #define HAVE_LIMITS_H 1
| #define HAVE_SYS_TIME_H 1
| #define HAVE_IMMINTRIN_H 1
| #define HAVE_CPUID_H 1
| #define HAVE__BOOL 1
| #define HAVE_UINTPTR_T 1
| #define SIZEOF_SIZE_T 8
| #define HAVE_STRUCT_STAT_ST_ATIM_TV_NSEC 1
| /* end confdefs.h.  */
| #include <stddef.h>
| #ifdef HAVE_STDIO_H
| # include <stdio.h>
| #endif
| #ifdef HAVE_STDLIB_H
| # include <stdlib.h>
| #endif
| #ifdef HAVE_STRING_H
| # include <string.h>
| #endif
| #ifdef HAVE_INTTYPES_H
| # include <inttypes.h>
| #endif
| #ifdef HAVE_STDINT_H
| # include <stdint.h>
| #endif
| #ifdef HAVE_STRINGS_H
| # include <strings.h>
| #endif
| #ifdef HAVE_SYS_TYPES_H
| # include <sys/types.h>
| #endif
| #ifdef HAVE_SYS_STAT_H
| # include <sys/stat.h>
| #endif
| #ifdef HAVE_UNISTD_H
| # include <unistd.h>
| #endif
| int
| main (void)
| {
| static struct stat ac_aggr;
| if (sizeof ac_aggr.st_uatime)
| return 0;
|   ;
|   return 0;
| }
configure:19840: result: no
configure:19848: checking for struct stat.st_atim.st__tim.tv_nsec
configure:19848: gcc -c -g -O2  conftest.c >&5
conftest.c: In function 'main':
conftest.c:122:20: error: 'struct timespec' has no member named 'st__tim'
  122 | if (ac_aggr.st_atim.st__tim.tv_nsec)
      |                    ^
configure:19848: $? = 1
configure: failed program was:
| /* confdefs.h */
| #define PACKAGE_NAME "XZ Utils"
| #define PACKAGE_TARNAME "xz"
| #define PACKAGE_VERSION "5.4.2"
| #define PACKAGE_STRING "XZ Utils 5.4.2"
| #define PACKAGE_BUGREPORT "xz@tukaani.org"
| #define PACKAGE_URL "https://tukaani.org/xz/"
| #define NDEBUG 1
| #define HAVE_ENCODER_LZMA1 1
| #define HAVE_ENCODER_LZMA2 1
| #define HAVE_ENCODER_DELTA 1
| #define HAVE_ENCODER_X86 1
| #define HAVE_ENCODER_POWERPC 1
| #define HAVE_ENCODER_IA64 1
| #define HAVE_ENCODER_ARM 1
| #define HAVE_ENCODER_ARMTHUMB 1
| #define HAVE_ENCODER_ARM64 1
| #define HAVE_ENCODER_SPARC 1
| #define HAVE_ENCODERS 1
| #define HAVE_DECODER_LZMA1 1
| #define HAVE_DECODER_LZMA2 1
| #define HAVE_DECODER_DELTA 1
| #define HAVE_DECODER_X86 1
| #define HAVE_DECODER_POWERPC 1
| #define HAVE_DECODER_IA64 1
| #define HAVE_DECODER_ARM 1
| #define HAVE_DECODER_ARMTHUMB 1
| #define HAVE_DECODER_ARM64 1
| #define HAVE_DECODER_SPARC 1
| #define HAVE_DECODERS 1
| #define HAVE_MF_HC3 1
| #define HAVE_MF_HC4 1
| #define HAVE_MF_BT2 1
| #define HAVE_MF_BT3 1
| #define HAVE_MF_BT4 1
| #define HAVE_CHECK_CRC32 1
| #define HAVE_CHECK_CRC64 1
| #define HAVE_CHECK_SHA256 1
| #define HAVE_LZIP_DECODER 1
| #define ASSUME_RAM 128
| #define PACKAGE "xz"
| #define VERSION "5.4.2"
| #define HAVE_STDIO_H 1
| #define HAVE_STDLIB_H 1
| #define HAVE_STRING_H 1
| #define HAVE_INTTYPES_H 1
| #define HAVE_STDINT_H 1
| #define HAVE_STRINGS_H 1
| #define HAVE_SYS_STAT_H 1
| #define HAVE_SYS_TYPES_H 1
| #define HAVE_UNISTD_H 1
| #define HAVE_WCHAR_H 1
| #define STDC_HEADERS 1
| #define _ALL_SOURCE 1
| #define _DARWIN_C_SOURCE 1
| #define _GNU_SOURCE 1
| #define _HPUX_ALT_XOPEN_SOCKET_API 1
| #define _NETBSD_SOURCE 1
| #define _OPENBSD_SOURCE 1
| #define _POSIX_PTHREAD_SEMANTICS 1
| #define __STDC_WANT_IEC_60559_ATTRIBS_EXT__ 1
| #define __STDC_WANT_IEC_60559_BFP_EXT__ 1
| #define __STDC_WANT_IEC_60559_DFP_EXT__ 1
| #define __STDC_WANT_IEC_60559_FUNCS_EXT__ 1
| #define __STDC_WANT_IEC_60559_TYPES_EXT__ 1
| #define __STDC_WANT_LIB_EXT2__ 1
| #define __STDC_WANT_MATH_SPEC_FUNCS__ 1
| #define _TANDEM_SOURCE 1
| #define __EXTENSIONS__ 1
| #define HAVE_PTHREAD_PRIO_INHERIT 1
| #define MYTHREAD_POSIX 1
| #define HAVE_CLOCK_GETTIME 1
| #define HAVE_PTHREAD_CONDATTR_SETCLOCK 1
| #define HAVE_CLOCK_MONOTONIC 1
| #define HAVE_DLFCN_H 1
| #define LT_OBJDIR ".libs/"
| #define ENABLE_NLS 1
| #define HAVE_GETTEXT 1
| #define HAVE_DCGETTEXT 1
| #define HAVE_FCNTL_H 1
| #define HAVE_LIMITS_H 1
| #define HAVE_SYS_TIME_H 1
| #define HAVE_IMMINTRIN_H 1
| #define HAVE_CPUID_H 1
| #define HAVE__BOOL 1
| #define HAVE_UINTPTR_T 1
| #define SIZEOF_SIZE_T 8
| #define HAVE_STRUCT_STAT_ST_ATIM_TV_NSEC 1
| /* end confdefs.h.  */
| #include <stddef.h>
| #ifdef HAVE_STDIO_H
| # include <stdio.h>
| #endif
| #ifdef HAVE_STDLIB_H
| # include <stdlib.h>
| #endif
| #ifdef HAVE_STRING_H
| # include <string.h>
| #endif
| #ifdef HAVE_INTTYPES_H
| # include <inttypes.h>
| #endif
| #ifdef HAVE_STDINT_H
| # include <stdint.h>
| #endif
| #ifdef HAVE_STRINGS_H
| # include <strings.h>
| #endif
| #ifdef HAVE_SYS_TYPES_H
| # include <sys/types.h>
| #endif
| #ifdef HAVE_SYS_STAT_H
| # include <sys/stat.h>
| #endif
| #ifdef HAVE_UNISTD_H
| # include <unistd.h>
| #endif
| int
| main (void)
| {
| static struct stat ac_aggr;
| if (ac_aggr.st_atim.st__tim.tv_nsec)
| return 0;
|   ;
|   return 0;
| }
configure:19848: gcc -c -g -O2  conftest.c >&5
conftest.c: In function 'main':
conftest.c:122:27: error: 'struct timespec' has no member named 'st__tim'
  122 | if (sizeof ac_aggr.st_atim.st__tim.tv_nsec)
      |                           ^
configure:19848: $? = 1
configure: failed program was:
| /* confdefs.h */
| #define PACKAGE_NAME "XZ Utils"
| #define PACKAGE_TARNAME "xz"
| #define PACKAGE_VERSION "5.4.2"
| #define PACKAGE_STRING "XZ Utils 5.4.2"
| #define PACKAGE_BUGREPORT "xz@tukaani.org"
| #define PACKAGE_URL "https://tukaani.org/xz/"
| #define NDEBUG 1
| #define HAVE_ENCODER_LZMA1 1
| #define HAVE_ENCODER_LZMA2 1
| #define HAVE_ENCODER_DELTA 1
| #define HAVE_ENCODER_X86 1
| #define HAVE_ENCODER_POWERPC 1
| #define HAVE_ENCODER_IA64 1
| #define HAVE_ENCODER_ARM 1
| #define HAVE_ENCODER_ARMTHUMB 1
| #define HAVE_ENCODER_ARM64 1
| #define HAVE_ENCODER_SPARC 1
| #define HAVE_ENCODERS 1
| #define HAVE_DECODER_LZMA1 1
| #define HAVE_DECODER_LZMA2 1
| #define HAVE_DECODER_DELTA 1
| #define HAVE_DECODER_X86 1
| #define HAVE_DECODER_POWERPC 1
| #define HAVE_DECODER_IA64 1
| #define HAVE_DECODER_ARM 1
| #define HAVE_DECODER_ARMTHUMB 1
| #define HAVE_DECODER_ARM64 1
| #define HAVE_DECODER_SPARC 1
| #define HAVE_DECODERS 1
| #define HAVE_MF_HC3 1
| #define HAVE_MF_HC4 1
| #define HAVE_MF_BT2 1
| #define HAVE_MF_BT3 1
| #define HAVE_MF_BT4 1
| #define HAVE_CHECK_CRC32 1
| #define HAVE_CHECK_CRC64 1
| #define HAVE_CHECK_SHA256 1
| #define HAVE_LZIP_DECODER 1
| #define ASSUME_RAM 128
| #define PACKAGE "xz"
| #define VERSION "5.4.2"
| #define HAVE_STDIO_H 1
| #define HAVE_STDLIB_H 1
| #define HAVE_STRING_H 1
| #define HAVE_INTTYPES_H 1
| #define HAVE_STDINT_H 1
| #define HAVE_STRINGS_H 1
| #define HAVE_SYS_STAT_H 1
| #define HAVE_SYS_TYPES_H 1
| #define HAVE_UNISTD_H 1
| #define HAVE_WCHAR_H 1
| #define STDC_HEADERS 1
| #define _ALL_SOURCE 1
| #define _DARWIN_C_SOURCE 1
| #define _GNU_SOURCE 1
| #define _HPUX_ALT_XOPEN_SOCKET_API 1
| #define _NETBSD_SOURCE 1
| #define _OPENBSD_SOURCE 1
| #define _POSIX_PTHREAD_SEMANTICS 1
| #define __STDC_WANT_IEC_60559_ATTRIBS_EXT__ 1
| #define __STDC_WANT_IEC_60559_BFP_EXT__ 1
| #define __STDC_WANT_IEC_60559_DFP_EXT__ 1
| #define __STDC_WANT_IEC_60559_FUNCS_EXT__ 1
| #define __STDC_WANT_IEC_60559_TYPES_EXT__ 1
| #define __STDC_WANT_LIB_EXT2__ 1
| #define __STDC_WANT_MATH_SPEC_FUNCS__ 1
| #define _TANDEM_SOURCE 1
| #define __EXTENSIONS__ 1
| #define HAVE_PTHREAD_PRIO_INHERIT 1
| #define MYTHREAD_POSIX 1
| #define HAVE_CLOCK_GETTIME 1
| #define HAVE_PTHREAD_CONDATTR_SETCLOCK 1
| #define HAVE_CLOCK_MONOTONIC 1
| #define HAVE_DLFCN_H 1
| #define LT_OBJDIR ".libs/"
| #define ENABLE_NLS 1
| #define HAVE_GETTEXT 1
| #define HAVE_DCGETTEXT 1
| #define HAVE_FCNTL_H 1
| #define HAVE_LIMITS_H 1
| #define HAVE_SYS_TIME_H 1
| #define HAVE_IMMINTRIN_H 1
| #define HAVE_CPUID_H 1
| #define HAVE__BOOL 1
| #define HAVE_UINTPTR_T 1
| #define SIZEOF_SIZE_T 8
| #define HAVE_STRUCT_STAT_ST_ATIM_TV_NSEC 1
| /* end confdefs.h.  */
| #include <stddef.h>
| #ifdef HAVE_STDIO_H
| # include <stdio.h>
| #endif
| #ifdef HAVE_STDLIB_H
| # include <stdlib.h>
| #endif
| #ifdef HAVE_STRING_H
| # include <string.h>
| #endif
| #ifdef HAVE_INTTYPES_H
| # include <inttypes.h>
| #endif
| #ifdef HAVE_STDINT_H
| # include <stdint.h>
| #endif
| #ifdef HAVE_STRINGS_H
| # include <strings.h>
| #endif
| #ifdef HAVE_SYS_TYPES_H
| # include <sys/types.h>
| #endif
| #ifdef HAVE_SYS_STAT_H
| # include <sys/stat.h>
| #endif
| #ifdef HAVE_UNISTD_H
| # include <unistd.h>
| #endif
| int
| main (void)
| {
| static struct stat ac_aggr;
| if (sizeof ac_aggr.st_atim.st__tim.tv_nsec)
| return 0;
|   ;
|   return 0;
| }
configure:19848: result: no
configure:19866: checking for special C compiler options needed for large files
configure:19914: result: no
configure:19920: checking for _FILE_OFFSET_BITS value needed for large files
configure:19946: gcc -c -g -O2  conftest.c >&5
configure:19946: $? = 0
configure:19980: result: no
configure:20062: checking whether byte ordering is bigendian
configure:20078: gcc -c -g -O2  conftest.c >&5
conftest.c:91:16: error: unknown type name 'not'
   91 |                not a universal capable compiler
      |                ^~~
conftest.c:91:22: error: expected '=', ',', ';', 'asm' or '__attribute__' before 'universal'
   91 |                not a universal capable compiler
      |                      ^~~~~~~~~
conftest.c:91:22: error: unknown type name 'universal'
configure:20078: $? = 1
configure: failed program was:
| /* confdefs.h */
| #define PACKAGE_NAME "XZ Utils"
| #define PACKAGE_TARNAME "xz"
| #define PACKAGE_VERSION "5.4.2"
| #define PACKAGE_STRING "XZ Utils 5.4.2"
| #define PACKAGE_BUGREPORT "xz@tukaani.org"
| #define PACKAGE_URL "https://tukaani.org/xz/"
| #define NDEBUG 1
| #define HAVE_ENCODER_LZMA1 1
| #define HAVE_ENCODER_LZMA2 1
| #define HAVE_ENCODER_DELTA 1
| #define HAVE_ENCODER_X86 1
| #define HAVE_ENCODER_POWERPC 1
| #define HAVE_ENCODER_IA64 1
| #define HAVE_ENCODER_ARM 1
| #define HAVE_ENCODER_ARMTHUMB 1
| #define HAVE_ENCODER_ARM64 1
| #define HAVE_ENCODER_SPARC 1
| #define HAVE_ENCODERS 1
| #define HAVE_DECODER_LZMA1 1
| #define HAVE_DECODER_LZMA2 1
| #define HAVE_DECODER_DELTA 1
| #define HAVE_DECODER_X86 1
| #define HAVE_DECODER_POWERPC 1
| #define HAVE_DECODER_IA64 1
| #define HAVE_DECODER_ARM 1
| #define HAVE_DECODER_ARMTHUMB 1
| #define HAVE_DECODER_ARM64 1
| #define HAVE_DECODER_SPARC 1
| #define HAVE_DECODERS 1
| #define HAVE_MF_HC3 1
| #define HAVE_MF_HC4 1
| #define HAVE_MF_BT2 1
| #define HAVE_MF_BT3 1
| #define HAVE_MF_BT4 1
| #define HAVE_CHECK_CRC32 1
| #define HAVE_CHECK_CRC64 1
| #define HAVE_CHECK_SHA256 1
| #define HAVE_LZIP_DECODER 1
| #define ASSUME_RAM 128
| #define PACKAGE "xz"
| #define VERSION "5.4.2"
| #define HAVE_STDIO_H 1
| #define HAVE_STDLIB_H 1
| #define HAVE_STRING_H 1
| #define HAVE_INTTYPES_H 1
| #define HAVE_STDINT_H 1
| #define HAVE_STRINGS_H 1
| #define HAVE_SYS_STAT_H 1
| #define HAVE_SYS_TYPES_H 1
| #define HAVE_UNISTD_H 1
| #define HAVE_WCHAR_H 1
| #define STDC_HEADERS 1
| #define _ALL_SOURCE 1
| #define _DARWIN_C_SOURCE 1
| #define _GNU_SOURCE 1
| #define _HPUX_ALT_XOPEN_SOCKET_API 1
| #define _NETBSD_SOURCE 1
| #define _OPENBSD_SOURCE 1
| #define _POSIX_PTHREAD_SEMANTICS 1
| #define __STDC_WANT_IEC_60559_ATTRIBS_EXT__ 1
| #define __STDC_WANT_IEC_60559_BFP_EXT__ 1
| #define __STDC_WANT_IEC_60559_DFP_EXT__ 1
| #define __STDC_WANT_IEC_60559_FUNCS_EXT__ 1
| #define __STDC_WANT_IEC_60559_TYPES_EXT__ 1
| #define __STDC_WANT_LIB_EXT2__ 1
| #define __STDC_WANT_MATH_SPEC_FUNCS__ 1
| #define _TANDEM_SOURCE 1
| #define __EXTENSIONS__ 1
| #define HAVE_PTHREAD_PRIO_INHERIT 1
| #define MYTHREAD_POSIX 1
| #define HAVE_CLOCK_GETTIME 1
| #define HAVE_PTHREAD_CONDATTR_SETCLOCK 1
| #define HAVE_CLOCK_MONOTONIC 1
| #define HAVE_DLFCN_H 1
| #define LT_OBJDIR ".libs/"
| #define ENABLE_NLS 1
| #define HAVE_GETTEXT 1
| #define HAVE_DCGETTEXT 1
| #define HAVE_FCNTL_H 1
| #define HAVE_LIMITS_H 1
| #define HAVE_SYS_TIME_H 1
| #define HAVE_IMMINTRIN_H 1
| #define HAVE_CPUID_H 1
| #define HAVE__BOOL 1
| #define HAVE_UINTPTR_T 1
| #define SIZEOF_SIZE_T 8
| #define HAVE_STRUCT_STAT_ST_ATIM_TV_NSEC 1
| /* end confdefs.h.  */
| #ifndef __APPLE_CC__
| 	       not a universal capable compiler
| 	     #endif
| 	     typedef int dummy;
| 
configure:20124: gcc -c -g -O2  conftest.c >&5
configure:20124: $? = 0
configure:20143: gcc -c -g -O2  conftest.c >&5
conftest.c: In function 'main':
conftest.c:97:18: error: unknown type name 'not'; did you mean 'ino_t'?
   97 |                  not big endian
      |                  ^~~
      |                  ino_t
conftest.c:97:26: error: expected '=', ',', ';', 'asm' or '__attribute__' before 'endian'
   97 |                  not big endian
      |                          ^~~~~~
configure:20143: $? = 1
configure: failed program was:
| /* confdefs.h */
| #define PACKAGE_NAME "XZ Utils"
| #define PACKAGE_TARNAME "xz"
| #define PACKAGE_VERSION "5.4.2"
| #define PACKAGE_STRING "XZ Utils 5.4.2"
| #define PACKAGE_BUGREPORT "xz@tukaani.org"
| #define PACKAGE_URL "https://tukaani.org/xz/"
| #define NDEBUG 1
| #define HAVE_ENCODER_LZMA1 1
| #define HAVE_ENCODER_LZMA2 1
| #define HAVE_ENCODER_DELTA 1
| #define HAVE_ENCODER_X86 1
| #define HAVE_ENCODER_POWERPC 1
| #define HAVE_ENCODER_IA64 1
| #define HAVE_ENCODER_ARM 1
| #define HAVE_ENCODER_ARMTHUMB 1
| #define HAVE_ENCODER_ARM64 1
| #define HAVE_ENCODER_SPARC 1
| #define HAVE_ENCODERS 1
| #define HAVE_DECODER_LZMA1 1
| #define HAVE_DECODER_LZMA2 1
| #define HAVE_DECODER_DELTA 1
| #define HAVE_DECODER_X86 1
| #define HAVE_DECODER_POWERPC 1
| #define HAVE_DECODER_IA64 1
| #define HAVE_DECODER_ARM 1
| #define HAVE_DECODER_ARMTHUMB 1
| #define HAVE_DECODER_ARM64 1
| #define HAVE_DECODER_SPARC 1
| #define HAVE_DECODERS 1
| #define HAVE_MF_HC3 1
| #define HAVE_MF_HC4 1
| #define HAVE_MF_BT2 1
| #define HAVE_MF_BT3 1
| #define HAVE_MF_BT4 1
| #define HAVE_CHECK_CRC32 1
| #define HAVE_CHECK_CRC64 1
| #define HAVE_CHECK_SHA256 1
| #define HAVE_LZIP_DECODER 1
| #define ASSUME_RAM 128
| #define PACKAGE "xz"
| #define VERSION "5.4.2"
| #define HAVE_STDIO_H 1
| #define HAVE_STDLIB_H 1
| #define HAVE_STRING_H 1
| #define HAVE_INTTYPES_H 1
| #define HAVE_STDINT_H 1
| #define HAVE_STRINGS_H 1
| #define HAVE_SYS_STAT_H 1
| #define HAVE_SYS_TYPES_H 1
| #define HAVE_UNISTD_H 1
| #define HAVE_WCHAR_H 1
| #define STDC_HEADERS 1
| #define _ALL_SOURCE 1
| #define _DARWIN_C_SOURCE 1
| #define _GNU_SOURCE 1
| #define _HPUX_ALT_XOPEN_SOCKET_API 1
| #define _NETBSD_SOURCE 1
| #define _OPENBSD_SOURCE 1
| #define _POSIX_PTHREAD_SEMANTICS 1
| #define __STDC_WANT_IEC_60559_ATTRIBS_EXT__ 1
| #define __STDC_WANT_IEC_60559_BFP_EXT__ 1
| #define __STDC_WANT_IEC_60559_DFP_EXT__ 1
| #define __STDC_WANT_IEC_60559_FUNCS_EXT__ 1
| #define __STDC_WANT_IEC_60559_TYPES_EXT__ 1
| #define __STDC_WANT_LIB_EXT2__ 1
| #define __STDC_WANT_MATH_SPEC_FUNCS__ 1
| #define _TANDEM_SOURCE 1
| #define __EXTENSIONS__ 1
| #define HAVE_PTHREAD_PRIO_INHERIT 1
| #define MYTHREAD_POSIX 1
| #define HAVE_CLOCK_GETTIME 1
| #define HAVE_PTHREAD_CONDATTR_SETCLOCK 1
| #define HAVE_CLOCK_MONOTONIC 1
| #define HAVE_DLFCN_H 1
| #define LT_OBJDIR ".libs/"
| #define ENABLE_NLS 1
| #define HAVE_GETTEXT 1
| #define HAVE_DCGETTEXT 1
| #define HAVE_FCNTL_H 1
| #define HAVE_LIMITS_H 1
| #define HAVE_SYS_TIME_H 1
| #define HAVE_IMMINTRIN_H 1
| #define HAVE_CPUID_H 1
| #define HAVE__BOOL 1
| #define HAVE_UINTPTR_T 1
| #define SIZEOF_SIZE_T 8
| #define HAVE_STRUCT_STAT_ST_ATIM_TV_NSEC 1
| /* end confdefs.h.  */
| #include <sys/types.h>
| 		#include <sys/param.h>
| 
| int
| main (void)
| {
| #if BYTE_ORDER != BIG_ENDIAN
| 		 not big endian
| 		#endif
| 
|   ;
|   return 0;
| }
configure:20277: result: no
configure:20301: checking if __attribute__((__constructor__)) can be used
configure:20313: gcc -c -g -O2 -Werror  conftest.c >&5
configure:20313: $? = 0
configure:20320: result: yes
configure:20342: checking for getopt.h
configure:20342: gcc -c -g -O2  conftest.c >&5
configure:20342: $? = 0
configure:20342: result: yes
configure:20358: checking for getopt_long
configure:20358: gcc -o conftest -g -O2   conftest.c  -lpthread >&5
configure:20358: $? = 0
configure:20358: result: yes
configure:20371: checking whether optreset is declared
configure:20371: gcc -c -g -O2   conftest.c >&5
conftest.c: In function 'main':
conftest.c:102:10: error: 'optreset' undeclared (first use in this function)
  102 |   (void) optreset;
      |          ^~~~~~~~
conftest.c:102:10: note: each undeclared identifier is reported only once for each function it appears in
configure:20371: $? = 1
configure: failed program was:
| /* confdefs.h */
| #define PACKAGE_NAME "XZ Utils"
| #define PACKAGE_TARNAME "xz"
| #define PACKAGE_VERSION "5.4.2"
| #define PACKAGE_STRING "XZ Utils 5.4.2"
| #define PACKAGE_BUGREPORT "xz@tukaani.org"
| #define PACKAGE_URL "https://tukaani.org/xz/"
| #define NDEBUG 1
| #define HAVE_ENCODER_LZMA1 1
| #define HAVE_ENCODER_LZMA2 1
| #define HAVE_ENCODER_DELTA 1
| #define HAVE_ENCODER_X86 1
| #define HAVE_ENCODER_POWERPC 1
| #define HAVE_ENCODER_IA64 1
| #define HAVE_ENCODER_ARM 1
| #define HAVE_ENCODER_ARMTHUMB 1
| #define HAVE_ENCODER_ARM64 1
| #define HAVE_ENCODER_SPARC 1
| #define HAVE_ENCODERS 1
| #define HAVE_DECODER_LZMA1 1
| #define HAVE_DECODER_LZMA2 1
| #define HAVE_DECODER_DELTA 1
| #define HAVE_DECODER_X86 1
| #define HAVE_DECODER_POWERPC 1
| #define HAVE_DECODER_IA64 1
| #define HAVE_DECODER_ARM 1
| #define HAVE_DECODER_ARMTHUMB 1
| #define HAVE_DECODER_ARM64 1
| #define HAVE_DECODER_SPARC 1
| #define HAVE_DECODERS 1
| #define HAVE_MF_HC3 1
| #define HAVE_MF_HC4 1
| #define HAVE_MF_BT2 1
| #define HAVE_MF_BT3 1
| #define HAVE_MF_BT4 1
| #define HAVE_CHECK_CRC32 1
| #define HAVE_CHECK_CRC64 1
| #define HAVE_CHECK_SHA256 1
| #define HAVE_LZIP_DECODER 1
| #define ASSUME_RAM 128
| #define PACKAGE "xz"
| #define VERSION "5.4.2"
| #define HAVE_STDIO_H 1
| #define HAVE_STDLIB_H 1
| #define HAVE_STRING_H 1
| #define HAVE_INTTYPES_H 1
| #define HAVE_STDINT_H 1
| #define HAVE_STRINGS_H 1
| #define HAVE_SYS_STAT_H 1
| #define HAVE_SYS_TYPES_H 1
| #define HAVE_UNISTD_H 1
| #define HAVE_WCHAR_H 1
| #define STDC_HEADERS 1
| #define _ALL_SOURCE 1
| #define _DARWIN_C_SOURCE 1
| #define _GNU_SOURCE 1
| #define _HPUX_ALT_XOPEN_SOCKET_API 1
| #define _NETBSD_SOURCE 1
| #define _OPENBSD_SOURCE 1
| #define _POSIX_PTHREAD_SEMANTICS 1
| #define __STDC_WANT_IEC_60559_ATTRIBS_EXT__ 1
| #define __STDC_WANT_IEC_60559_BFP_EXT__ 1
| #define __STDC_WANT_IEC_60559_DFP_EXT__ 1
| #define __STDC_WANT_IEC_60559_FUNCS_EXT__ 1
| #define __STDC_WANT_IEC_60559_TYPES_EXT__ 1
| #define __STDC_WANT_LIB_EXT2__ 1
| #define __STDC_WANT_MATH_SPEC_FUNCS__ 1
| #define _TANDEM_SOURCE 1
| #define __EXTENSIONS__ 1
| #define HAVE_PTHREAD_PRIO_INHERIT 1
| #define MYTHREAD_POSIX 1
| #define HAVE_CLOCK_GETTIME 1
| #define HAVE_PTHREAD_CONDATTR_SETCLOCK 1
| #define HAVE_CLOCK_MONOTONIC 1
| #define HAVE_DLFCN_H 1
| #define LT_OBJDIR ".libs/"
| #define ENABLE_NLS 1
| #define HAVE_GETTEXT 1
| #define HAVE_DCGETTEXT 1
| #define HAVE_FCNTL_H 1
| #define HAVE_LIMITS_H 1
| #define HAVE_SYS_TIME_H 1
| #define HAVE_IMMINTRIN_H 1
| #define HAVE_CPUID_H 1
| #define HAVE__BOOL 1
| #define HAVE_UINTPTR_T 1
| #define SIZEOF_SIZE_T 8
| #define HAVE_STRUCT_STAT_ST_ATIM_TV_NSEC 1
| #define HAVE_FUNC_ATTRIBUTE_CONSTRUCTOR 1
| #define HAVE_GETOPT_H 1
| #define HAVE_GETOPT_LONG 1
| /* end confdefs.h.  */
| #include <getopt.h>
| 
| int
| main (void)
| {
| #ifndef optreset
| #ifdef __cplusplus
|   (void) optreset;
| #else
|   (void) optreset;
| #endif
| #endif
| 
|   ;
|   return 0;
| }
configure:20371: result: no
configure:20415: checking for futimens
configure:20415: gcc -o conftest -g -O2   conftest.c  -lpthread >&5
configure:20415: $? = 0
configure:20415: result: yes
configure:20427: checking for posix_fadvise
configure:20427: gcc -o conftest -g -O2   conftest.c  -lpthread >&5
configure:20427: $? = 0
configure:20427: result: yes
configure:20442: checking whether program_invocation_name is declared
configure:20442: gcc -c -g -O2   conftest.c >&5
configure:20442: $? = 0
configure:20442: result: yes
configure:20455: checking if __builtin_bswap16/32/64 are supported
configure:20470: gcc -o conftest -g -O2   conftest.c  -lpthread >&5
configure:20470: $? = 0
configure:20476: result: yes
configure:20600: checking if unaligned memory access should be used
configure:20647: result: yes
configure:20654: checking if unsafe type punning should be used
configure:20671: result: no
configure:20675: checking if __builtin_assume_aligned is supported
configure:20688: gcc -o conftest -g -O2   conftest.c  -lpthread >&5
configure:20688: $? = 0
configure:20694: result: yes
configure:20710: checking for sys/param.h
configure:20710: gcc -c -g -O2  conftest.c >&5
configure:20710: $? = 0
configure:20710: result: yes
configure:20718: checking how to detect the amount of physical memory
configure:20743: gcc -c -g -O2  conftest.c >&5
conftest.c:104:1: error: unknown type name 'compile'
  104 | compile error
      | ^~~~~~~
conftest.c:104:1: error: expected '=', ',', ';', 'asm' or '__attribute__' at end of input
configure:20743: $? = 1
configure: failed program was:
| /* confdefs.h */
| #define PACKAGE_NAME "XZ Utils"
| #define PACKAGE_TARNAME "xz"
| #define PACKAGE_VERSION "5.4.2"
| #define PACKAGE_STRING "XZ Utils 5.4.2"
| #define PACKAGE_BUGREPORT "xz@tukaani.org"
| #define PACKAGE_URL "https://tukaani.org/xz/"
| #define NDEBUG 1
| #define HAVE_ENCODER_LZMA1 1
| #define HAVE_ENCODER_LZMA2 1
| #define HAVE_ENCODER_DELTA 1
| #define HAVE_ENCODER_X86 1
| #define HAVE_ENCODER_POWERPC 1
| #define HAVE_ENCODER_IA64 1
| #define HAVE_ENCODER_ARM 1
| #define HAVE_ENCODER_ARMTHUMB 1
| #define HAVE_ENCODER_ARM64 1
| #define HAVE_ENCODER_SPARC 1
| #define HAVE_ENCODERS 1
| #define HAVE_DECODER_LZMA1 1
| #define HAVE_DECODER_LZMA2 1
| #define HAVE_DECODER_DELTA 1
| #define HAVE_DECODER_X86 1
| #define HAVE_DECODER_POWERPC 1
| #define HAVE_DECODER_IA64 1
| #define HAVE_DECODER_ARM 1
| #define HAVE_DECODER_ARMTHUMB 1
| #define HAVE_DECODER_ARM64 1
| #define HAVE_DECODER_SPARC 1
| #define HAVE_DECODERS 1
| #define HAVE_MF_HC3 1
| #define HAVE_MF_HC4 1
| #define HAVE_MF_BT2 1
| #define HAVE_MF_BT3 1
| #define HAVE_MF_BT4 1
| #define HAVE_CHECK_CRC32 1
| #define HAVE_CHECK_CRC64 1
| #define HAVE_CHECK_SHA256 1
| #define HAVE_LZIP_DECODER 1
| #define ASSUME_RAM 128
| #define PACKAGE "xz"
| #define VERSION "5.4.2"
| #define HAVE_STDIO_H 1
| #define HAVE_STDLIB_H 1
| #define HAVE_STRING_H 1
| #define HAVE_INTTYPES_H 1
| #define HAVE_STDINT_H 1
| #define HAVE_STRINGS_H 1
| #define HAVE_SYS_STAT_H 1
| #define HAVE_SYS_TYPES_H 1
| #define HAVE_UNISTD_H 1
| #define HAVE_WCHAR_H 1
| #define STDC_HEADERS 1
| #define _ALL_SOURCE 1
| #define _DARWIN_C_SOURCE 1
| #define _GNU_SOURCE 1
| #define _HPUX_ALT_XOPEN_SOCKET_API 1
| #define _NETBSD_SOURCE 1
| #define _OPENBSD_SOURCE 1
| #define _POSIX_PTHREAD_SEMANTICS 1
| #define __STDC_WANT_IEC_60559_ATTRIBS_EXT__ 1
| #define __STDC_WANT_IEC_60559_BFP_EXT__ 1
| #define __STDC_WANT_IEC_60559_DFP_EXT__ 1
| #define __STDC_WANT_IEC_60559_FUNCS_EXT__ 1
| #define __STDC_WANT_IEC_60559_TYPES_EXT__ 1
| #define __STDC_WANT_LIB_EXT2__ 1
| #define __STDC_WANT_MATH_SPEC_FUNCS__ 1
| #define _TANDEM_SOURCE 1
| #define __EXTENSIONS__ 1
| #define HAVE_PTHREAD_PRIO_INHERIT 1
| #define MYTHREAD_POSIX 1
| #define HAVE_CLOCK_GETTIME 1
| #define HAVE_PTHREAD_CONDATTR_SETCLOCK 1
| #define HAVE_CLOCK_MONOTONIC 1
| #define HAVE_DLFCN_H 1
| #define LT_OBJDIR ".libs/"
| #define ENABLE_NLS 1
| #define HAVE_GETTEXT 1
| #define HAVE_DCGETTEXT 1
| #define HAVE_FCNTL_H 1
| #define HAVE_LIMITS_H 1
| #define HAVE_SYS_TIME_H 1
| #define HAVE_IMMINTRIN_H 1
| #define HAVE_CPUID_H 1
| #define HAVE__BOOL 1
| #define HAVE_UINTPTR_T 1
| #define SIZEOF_SIZE_T 8
| #define HAVE_STRUCT_STAT_ST_ATIM_TV_NSEC 1
| #define HAVE_FUNC_ATTRIBUTE_CONSTRUCTOR 1
| #define HAVE_GETOPT_H 1
| #define HAVE_GETOPT_LONG 1
| #define HAVE_FUTIMENS 1
| #define HAVE_POSIX_FADVISE 1
| #define HAVE_PROGRAM_INVOCATION_NAME 1
| #define HAVE___BUILTIN_BSWAPXX 1
| #define TUKLIB_FAST_UNALIGNED_ACCESS 1
| #define HAVE___BUILTIN_ASSUME_ALIGNED 1
| #define HAVE_SYS_PARAM_H 1
| /* end confdefs.h.  */
| 
| #if defined(_WIN32) || defined(__CYGWIN__) || defined(__OS2__) 		|| defined(__DJGPP__) || defined(__VMS) 		|| defined(AMIGA) || defined(__AROS__) || defined(__QNX__)
| int main(void) { return 0; }
| #else
| compile error
| #endif
| 
configure:20765: gcc -c -g -O2  conftest.c >&5
conftest.c:101:10: fatal error: sys/systemcfg.h: No such file or directory
  101 | #include <sys/systemcfg.h>
      |          ^~~~~~~~~~~~~~~~~
compilation terminated.
configure:20765: $? = 1
configure: failed program was:
| /* confdefs.h */
| #define PACKAGE_NAME "XZ Utils"
| #define PACKAGE_TARNAME "xz"
| #define PACKAGE_VERSION "5.4.2"
| #define PACKAGE_STRING "XZ Utils 5.4.2"
| #define PACKAGE_BUGREPORT "xz@tukaani.org"
| #define PACKAGE_URL "https://tukaani.org/xz/"
| #define NDEBUG 1
| #define HAVE_ENCODER_LZMA1 1
| #define HAVE_ENCODER_LZMA2 1
| #define HAVE_ENCODER_DELTA 1
| #define HAVE_ENCODER_X86 1
| #define HAVE_ENCODER_POWERPC 1
| #define HAVE_ENCODER_IA64 1
| #define HAVE_ENCODER_ARM 1
| #define HAVE_ENCODER_ARMTHUMB 1
| #define HAVE_ENCODER_ARM64 1
| #define HAVE_ENCODER_SPARC 1
| #define HAVE_ENCODERS 1
| #define HAVE_DECODER_LZMA1 1
| #define HAVE_DECODER_LZMA2 1
| #define HAVE_DECODER_DELTA 1
| #define HAVE_DECODER_X86 1
| #define HAVE_DECODER_POWERPC 1
| #define HAVE_DECODER_IA64 1
| #define HAVE_DECODER_ARM 1
| #define HAVE_DECODER_ARMTHUMB 1
| #define HAVE_DECODER_ARM64 1
| #define HAVE_DECODER_SPARC 1
| #define HAVE_DECODERS 1
| #define HAVE_MF_HC3 1
| #define HAVE_MF_HC4 1
| #define HAVE_MF_BT2 1
| #define HAVE_MF_BT3 1
| #define HAVE_MF_BT4 1
| #define HAVE_CHECK_CRC32 1
| #define HAVE_CHECK_CRC64 1
| #define HAVE_CHECK_SHA256 1
| #define HAVE_LZIP_DECODER 1
| #define ASSUME_RAM 128
| #define PACKAGE "xz"
| #define VERSION "5.4.2"
| #define HAVE_STDIO_H 1
| #define HAVE_STDLIB_H 1
| #define HAVE_STRING_H 1
| #define HAVE_INTTYPES_H 1
| #define HAVE_STDINT_H 1
| #define HAVE_STRINGS_H 1
| #define HAVE_SYS_STAT_H 1
| #define HAVE_SYS_TYPES_H 1
| #define HAVE_UNISTD_H 1
| #define HAVE_WCHAR_H 1
| #define STDC_HEADERS 1
| #define _ALL_SOURCE 1
| #define _DARWIN_C_SOURCE 1
| #define _GNU_SOURCE 1
| #define _HPUX_ALT_XOPEN_SOCKET_API 1
| #define _NETBSD_SOURCE 1
| #define _OPENBSD_SOURCE 1
| #define _POSIX_PTHREAD_SEMANTICS 1
| #define __STDC_WANT_IEC_60559_ATTRIBS_EXT__ 1
| #define __STDC_WANT_IEC_60559_BFP_EXT__ 1
| #define __STDC_WANT_IEC_60559_DFP_EXT__ 1
| #define __STDC_WANT_IEC_60559_FUNCS_EXT__ 1
| #define __STDC_WANT_IEC_60559_TYPES_EXT__ 1
| #define __STDC_WANT_LIB_EXT2__ 1
| #define __STDC_WANT_MATH_SPEC_FUNCS__ 1
| #define _TANDEM_SOURCE 1
| #define __EXTENSIONS__ 1
| #define HAVE_PTHREAD_PRIO_INHERIT 1
| #define MYTHREAD_POSIX 1
| #define HAVE_CLOCK_GETTIME 1
| #define HAVE_PTHREAD_CONDATTR_SETCLOCK 1
| #define HAVE_CLOCK_MONOTONIC 1
| #define HAVE_DLFCN_H 1
| #define LT_OBJDIR ".libs/"
| #define ENABLE_NLS 1
| #define HAVE_GETTEXT 1
| #define HAVE_DCGETTEXT 1
| #define HAVE_FCNTL_H 1
| #define HAVE_LIMITS_H 1
| #define HAVE_SYS_TIME_H 1
| #define HAVE_IMMINTRIN_H 1
| #define HAVE_CPUID_H 1
| #define HAVE__BOOL 1
| #define HAVE_UINTPTR_T 1
| #define SIZEOF_SIZE_T 8
| #define HAVE_STRUCT_STAT_ST_ATIM_TV_NSEC 1
| #define HAVE_FUNC_ATTRIBUTE_CONSTRUCTOR 1
| #define HAVE_GETOPT_H 1
| #define HAVE_GETOPT_LONG 1
| #define HAVE_FUTIMENS 1
| #define HAVE_POSIX_FADVISE 1
| #define HAVE_PROGRAM_INVOCATION_NAME 1
| #define HAVE___BUILTIN_BSWAPXX 1
| #define TUKLIB_FAST_UNALIGNED_ACCESS 1
| #define HAVE___BUILTIN_ASSUME_ALIGNED 1
| #define HAVE_SYS_PARAM_H 1
| /* end confdefs.h.  */
| 
| #include <sys/systemcfg.h>
| 
| int
| main(void)
| {
| 	(void)_system_configuration.physmem;
| 	return 0;
| }
| 
configure:20785: gcc -c -g -O2  conftest.c >&5
configure:20785: $? = 0
configure:20930: result: sysconf
configure:20975: checking for sys/param.h
configure:20975: result: yes
configure:20983: checking how to detect the number of available CPU cores
configure:21006: gcc -c -g -O2  conftest.c >&5
conftest.c:106:1: error: unknown type name 'compile'
  106 | compile error
      | ^~~~~~~
conftest.c:106:1: error: expected '=', ',', ';', 'asm' or '__attribute__' at end of input
configure:21006: $? = 1
configure: failed program was:
| /* confdefs.h */
| #define PACKAGE_NAME "XZ Utils"
| #define PACKAGE_TARNAME "xz"
| #define PACKAGE_VERSION "5.4.2"
| #define PACKAGE_STRING "XZ Utils 5.4.2"
| #define PACKAGE_BUGREPORT "xz@tukaani.org"
| #define PACKAGE_URL "https://tukaani.org/xz/"
| #define NDEBUG 1
| #define HAVE_ENCODER_LZMA1 1
| #define HAVE_ENCODER_LZMA2 1
| #define HAVE_ENCODER_DELTA 1
| #define HAVE_ENCODER_X86 1
| #define HAVE_ENCODER_POWERPC 1
| #define HAVE_ENCODER_IA64 1
| #define HAVE_ENCODER_ARM 1
| #define HAVE_ENCODER_ARMTHUMB 1
| #define HAVE_ENCODER_ARM64 1
| #define HAVE_ENCODER_SPARC 1
| #define HAVE_ENCODERS 1
| #define HAVE_DECODER_LZMA1 1
| #define HAVE_DECODER_LZMA2 1
| #define HAVE_DECODER_DELTA 1
| #define HAVE_DECODER_X86 1
| #define HAVE_DECODER_POWERPC 1
| #define HAVE_DECODER_IA64 1
| #define HAVE_DECODER_ARM 1
| #define HAVE_DECODER_ARMTHUMB 1
| #define HAVE_DECODER_ARM64 1
| #define HAVE_DECODER_SPARC 1
| #define HAVE_DECODERS 1
| #define HAVE_MF_HC3 1
| #define HAVE_MF_HC4 1
| #define HAVE_MF_BT2 1
| #define HAVE_MF_BT3 1
| #define HAVE_MF_BT4 1
| #define HAVE_CHECK_CRC32 1
| #define HAVE_CHECK_CRC64 1
| #define HAVE_CHECK_SHA256 1
| #define HAVE_LZIP_DECODER 1
| #define ASSUME_RAM 128
| #define PACKAGE "xz"
| #define VERSION "5.4.2"
| #define HAVE_STDIO_H 1
| #define HAVE_STDLIB_H 1
| #define HAVE_STRING_H 1
| #define HAVE_INTTYPES_H 1
| #define HAVE_STDINT_H 1
| #define HAVE_STRINGS_H 1
| #define HAVE_SYS_STAT_H 1
| #define HAVE_SYS_TYPES_H 1
| #define HAVE_UNISTD_H 1
| #define HAVE_WCHAR_H 1
| #define STDC_HEADERS 1
| #define _ALL_SOURCE 1
| #define _DARWIN_C_SOURCE 1
| #define _GNU_SOURCE 1
| #define _HPUX_ALT_XOPEN_SOCKET_API 1
| #define _NETBSD_SOURCE 1
| #define _OPENBSD_SOURCE 1
| #define _POSIX_PTHREAD_SEMANTICS 1
| #define __STDC_WANT_IEC_60559_ATTRIBS_EXT__ 1
| #define __STDC_WANT_IEC_60559_BFP_EXT__ 1
| #define __STDC_WANT_IEC_60559_DFP_EXT__ 1
| #define __STDC_WANT_IEC_60559_FUNCS_EXT__ 1
| #define __STDC_WANT_IEC_60559_TYPES_EXT__ 1
| #define __STDC_WANT_LIB_EXT2__ 1
| #define __STDC_WANT_MATH_SPEC_FUNCS__ 1
| #define _TANDEM_SOURCE 1
| #define __EXTENSIONS__ 1
| #define HAVE_PTHREAD_PRIO_INHERIT 1
| #define MYTHREAD_POSIX 1
| #define HAVE_CLOCK_GETTIME 1
| #define HAVE_PTHREAD_CONDATTR_SETCLOCK 1
| #define HAVE_CLOCK_MONOTONIC 1
| #define HAVE_DLFCN_H 1
| #define LT_OBJDIR ".libs/"
| #define ENABLE_NLS 1
| #define HAVE_GETTEXT 1
| #define HAVE_DCGETTEXT 1
| #define HAVE_FCNTL_H 1
| #define HAVE_LIMITS_H 1
| #define HAVE_SYS_TIME_H 1
| #define HAVE_IMMINTRIN_H 1
| #define HAVE_CPUID_H 1
| #define HAVE__BOOL 1
| #define HAVE_UINTPTR_T 1
| #define SIZEOF_SIZE_T 8
| #define HAVE_STRUCT_STAT_ST_ATIM_TV_NSEC 1
| #define HAVE_FUNC_ATTRIBUTE_CONSTRUCTOR 1
| #define HAVE_GETOPT_H 1
| #define HAVE_GETOPT_LONG 1
| #define HAVE_FUTIMENS 1
| #define HAVE_POSIX_FADVISE 1
| #define HAVE_PROGRAM_INVOCATION_NAME 1
| #define HAVE___BUILTIN_BSWAPXX 1
| #define TUKLIB_FAST_UNALIGNED_ACCESS 1
| #define HAVE___BUILTIN_ASSUME_ALIGNED 1
| #define HAVE_SYS_PARAM_H 1
| #define TUKLIB_PHYSMEM_SYSCONF 1
| #define HAVE_SYS_PARAM_H 1
| /* end confdefs.h.  */
| 
| #if defined(_WIN32) || defined(__CYGWIN__)
| int main(void) { return 0; }
| #else
| compile error
| #endif
| 
configure:21030: gcc -o conftest -g -O2   conftest.c  -lpthread >&5
configure:21030: $? = 0
configure:21167: result: sched_getaffinity
configure:21201: checking whether mbrtowc and mbstate_t are properly declared
configure:21222: gcc -o conftest -g -O2   conftest.c  -lpthread >&5
configure:21222: $? = 0
configure:21231: result: yes
configure:21239: checking for wcwidth
configure:21239: gcc -o conftest -g -O2   conftest.c  -lpthread >&5
configure:21239: $? = 0
configure:21239: result: yes
configure:21497: checking whether _mm_movemask_epi8 is declared
configure:21497: gcc -c -g -O2   conftest.c >&5
configure:21497: $? = 0
configure:21497: result: yes
configure:21522: checking if _mm_clmulepi64_si128 is usable
configure:21551: gcc -c -g -O2  conftest.c >&5
configure:21551: $? = 0
configure:21557: result: yes
configure:21578: checking for sys/capsicum.h
configure:21578: gcc -c -g -O2  conftest.c >&5
conftest.c:135:10: fatal error: sys/capsicum.h: No such file or directory
  135 | #include <sys/capsicum.h>
      |          ^~~~~~~~~~~~~~~~
compilation terminated.
configure:21578: $? = 1
configure: failed program was:
| /* confdefs.h */
| #define PACKAGE_NAME "XZ Utils"
| #define PACKAGE_TARNAME "xz"
| #define PACKAGE_VERSION "5.4.2"
| #define PACKAGE_STRING "XZ Utils 5.4.2"
| #define PACKAGE_BUGREPORT "xz@tukaani.org"
| #define PACKAGE_URL "https://tukaani.org/xz/"
| #define NDEBUG 1
| #define HAVE_ENCODER_LZMA1 1
| #define HAVE_ENCODER_LZMA2 1
| #define HAVE_ENCODER_DELTA 1
| #define HAVE_ENCODER_X86 1
| #define HAVE_ENCODER_POWERPC 1
| #define HAVE_ENCODER_IA64 1
| #define HAVE_ENCODER_ARM 1
| #define HAVE_ENCODER_ARMTHUMB 1
| #define HAVE_ENCODER_ARM64 1
| #define HAVE_ENCODER_SPARC 1
| #define HAVE_ENCODERS 1
| #define HAVE_DECODER_LZMA1 1
| #define HAVE_DECODER_LZMA2 1
| #define HAVE_DECODER_DELTA 1
| #define HAVE_DECODER_X86 1
| #define HAVE_DECODER_POWERPC 1
| #define HAVE_DECODER_IA64 1
| #define HAVE_DECODER_ARM 1
| #define HAVE_DECODER_ARMTHUMB 1
| #define HAVE_DECODER_ARM64 1
| #define HAVE_DECODER_SPARC 1
| #define HAVE_DECODERS 1
| #define HAVE_MF_HC3 1
| #define HAVE_MF_HC4 1
| #define HAVE_MF_BT2 1
| #define HAVE_MF_BT3 1
| #define HAVE_MF_BT4 1
| #define HAVE_CHECK_CRC32 1
| #define HAVE_CHECK_CRC64 1
| #define HAVE_CHECK_SHA256 1
| #define HAVE_LZIP_DECODER 1
| #define ASSUME_RAM 128
| #define PACKAGE "xz"
| #define VERSION "5.4.2"
| #define HAVE_STDIO_H 1
| #define HAVE_STDLIB_H 1
| #define HAVE_STRING_H 1
| #define HAVE_INTTYPES_H 1
| #define HAVE_STDINT_H 1
| #define HAVE_STRINGS_H 1
| #define HAVE_SYS_STAT_H 1
| #define HAVE_SYS_TYPES_H 1
| #define HAVE_UNISTD_H 1
| #define HAVE_WCHAR_H 1
| #define STDC_HEADERS 1
| #define _ALL_SOURCE 1
| #define _DARWIN_C_SOURCE 1
| #define _GNU_SOURCE 1
| #define _HPUX_ALT_XOPEN_SOCKET_API 1
| #define _NETBSD_SOURCE 1
| #define _OPENBSD_SOURCE 1
| #define _POSIX_PTHREAD_SEMANTICS 1
| #define __STDC_WANT_IEC_60559_ATTRIBS_EXT__ 1
| #define __STDC_WANT_IEC_60559_BFP_EXT__ 1
| #define __STDC_WANT_IEC_60559_DFP_EXT__ 1
| #define __STDC_WANT_IEC_60559_FUNCS_EXT__ 1
| #define __STDC_WANT_IEC_60559_TYPES_EXT__ 1
| #define __STDC_WANT_LIB_EXT2__ 1
| #define __STDC_WANT_MATH_SPEC_FUNCS__ 1
| #define _TANDEM_SOURCE 1
| #define __EXTENSIONS__ 1
| #define HAVE_PTHREAD_PRIO_INHERIT 1
| #define MYTHREAD_POSIX 1
| #define HAVE_CLOCK_GETTIME 1
| #define HAVE_PTHREAD_CONDATTR_SETCLOCK 1
| #define HAVE_CLOCK_MONOTONIC 1
| #define HAVE_DLFCN_H 1
| #define LT_OBJDIR ".libs/"
| #define ENABLE_NLS 1
| #define HAVE_GETTEXT 1
| #define HAVE_DCGETTEXT 1
| #define HAVE_FCNTL_H 1
| #define HAVE_LIMITS_H 1
| #define HAVE_SYS_TIME_H 1
| #define HAVE_IMMINTRIN_H 1
| #define HAVE_CPUID_H 1
| #define HAVE__BOOL 1
| #define HAVE_UINTPTR_T 1
| #define SIZEOF_SIZE_T 8
| #define HAVE_STRUCT_STAT_ST_ATIM_TV_NSEC 1
| #define HAVE_FUNC_ATTRIBUTE_CONSTRUCTOR 1
| #define HAVE_GETOPT_H 1
| #define HAVE_GETOPT_LONG 1
| #define HAVE_FUTIMENS 1
| #define HAVE_POSIX_FADVISE 1
| #define HAVE_PROGRAM_INVOCATION_NAME 1
| #define HAVE___BUILTIN_BSWAPXX 1
| #define TUKLIB_FAST_UNALIGNED_ACCESS 1
| #define HAVE___BUILTIN_ASSUME_ALIGNED 1
| #define HAVE_SYS_PARAM_H 1
| #define TUKLIB_PHYSMEM_SYSCONF 1
| #define HAVE_SYS_PARAM_H 1
| #define TUKLIB_CPUCORES_SCHED_GETAFFINITY 1
| #define HAVE_MBRTOWC 1
| #define HAVE_WCWIDTH 1
| #define HAVE__MM_MOVEMASK_EPI8 1
| #define HAVE_USABLE_CLMUL 1
| /* end confdefs.h.  */
| #include <stddef.h>
| #ifdef HAVE_STDIO_H
| # include <stdio.h>
| #endif
| #ifdef HAVE_STDLIB_H
| # include <stdlib.h>
| #endif
| #ifdef HAVE_STRING_H
| # include <string.h>
| #endif
| #ifdef HAVE_INTTYPES_H
| # include <inttypes.h>
| #endif
| #ifdef HAVE_STDINT_H
| # include <stdint.h>
| #endif
| #ifdef HAVE_STRINGS_H
| # include <strings.h>
| #endif
| #ifdef HAVE_SYS_TYPES_H
| # include <sys/types.h>
| #endif
| #ifdef HAVE_SYS_STAT_H
| # include <sys/stat.h>
| #endif
| #ifdef HAVE_UNISTD_H
| # include <unistd.h>
| #endif
| #include <sys/capsicum.h>
configure:21578: result: no
configure:21591: checking whether cap_rights_limit is declared
configure:21591: gcc -c -g -O2   conftest.c >&5
conftest.c: In function 'main':
conftest.c:116:10: error: 'cap_rights_limit' undeclared (first use in this function)
  116 |   (void) cap_rights_limit;
      |          ^~~~~~~~~~~~~~~~
conftest.c:116:10: note: each undeclared identifier is reported only once for each function it appears in
configure:21591: $? = 1
configure: failed program was:
| /* confdefs.h */
| #define PACKAGE_NAME "XZ Utils"
| #define PACKAGE_TARNAME "xz"
| #define PACKAGE_VERSION "5.4.2"
| #define PACKAGE_STRING "XZ Utils 5.4.2"
| #define PACKAGE_BUGREPORT "xz@tukaani.org"
| #define PACKAGE_URL "https://tukaani.org/xz/"
| #define NDEBUG 1
| #define HAVE_ENCODER_LZMA1 1
| #define HAVE_ENCODER_LZMA2 1
| #define HAVE_ENCODER_DELTA 1
| #define HAVE_ENCODER_X86 1
| #define HAVE_ENCODER_POWERPC 1
| #define HAVE_ENCODER_IA64 1
| #define HAVE_ENCODER_ARM 1
| #define HAVE_ENCODER_ARMTHUMB 1
| #define HAVE_ENCODER_ARM64 1
| #define HAVE_ENCODER_SPARC 1
| #define HAVE_ENCODERS 1
| #define HAVE_DECODER_LZMA1 1
| #define HAVE_DECODER_LZMA2 1
| #define HAVE_DECODER_DELTA 1
| #define HAVE_DECODER_X86 1
| #define HAVE_DECODER_POWERPC 1
| #define HAVE_DECODER_IA64 1
| #define HAVE_DECODER_ARM 1
| #define HAVE_DECODER_ARMTHUMB 1
| #define HAVE_DECODER_ARM64 1
| #define HAVE_DECODER_SPARC 1
| #define HAVE_DECODERS 1
| #define HAVE_MF_HC3 1
| #define HAVE_MF_HC4 1
| #define HAVE_MF_BT2 1
| #define HAVE_MF_BT3 1
| #define HAVE_MF_BT4 1
| #define HAVE_CHECK_CRC32 1
| #define HAVE_CHECK_CRC64 1
| #define HAVE_CHECK_SHA256 1
| #define HAVE_LZIP_DECODER 1
| #define ASSUME_RAM 128
| #define PACKAGE "xz"
| #define VERSION "5.4.2"
| #define HAVE_STDIO_H 1
| #define HAVE_STDLIB_H 1
| #define HAVE_STRING_H 1
| #define HAVE_INTTYPES_H 1
| #define HAVE_STDINT_H 1
| #define HAVE_STRINGS_H 1
| #define HAVE_SYS_STAT_H 1
| #define HAVE_SYS_TYPES_H 1
| #define HAVE_UNISTD_H 1
| #define HAVE_WCHAR_H 1
| #define STDC_HEADERS 1
| #define _ALL_SOURCE 1
| #define _DARWIN_C_SOURCE 1
| #define _GNU_SOURCE 1
| #define _HPUX_ALT_XOPEN_SOCKET_API 1
| #define _NETBSD_SOURCE 1
| #define _OPENBSD_SOURCE 1
| #define _POSIX_PTHREAD_SEMANTICS 1
| #define __STDC_WANT_IEC_60559_ATTRIBS_EXT__ 1
| #define __STDC_WANT_IEC_60559_BFP_EXT__ 1
| #define __STDC_WANT_IEC_60559_DFP_EXT__ 1
| #define __STDC_WANT_IEC_60559_FUNCS_EXT__ 1
| #define __STDC_WANT_IEC_60559_TYPES_EXT__ 1
| #define __STDC_WANT_LIB_EXT2__ 1
| #define __STDC_WANT_MATH_SPEC_FUNCS__ 1
| #define _TANDEM_SOURCE 1
| #define __EXTENSIONS__ 1
| #define HAVE_PTHREAD_PRIO_INHERIT 1
| #define MYTHREAD_POSIX 1
| #define HAVE_CLOCK_GETTIME 1
| #define HAVE_PTHREAD_CONDATTR_SETCLOCK 1
| #define HAVE_CLOCK_MONOTONIC 1
| #define HAVE_DLFCN_H 1
| #define LT_OBJDIR ".libs/"
| #define ENABLE_NLS 1
| #define HAVE_GETTEXT 1
| #define HAVE_DCGETTEXT 1
| #define HAVE_FCNTL_H 1
| #define HAVE_LIMITS_H 1
| #define HAVE_SYS_TIME_H 1
| #define HAVE_IMMINTRIN_H 1
| #define HAVE_CPUID_H 1
| #define HAVE__BOOL 1
| #define HAVE_UINTPTR_T 1
| #define SIZEOF_SIZE_T 8
| #define HAVE_STRUCT_STAT_ST_ATIM_TV_NSEC 1
| #define HAVE_FUNC_ATTRIBUTE_CONSTRUCTOR 1
| #define HAVE_GETOPT_H 1
| #define HAVE_GETOPT_LONG 1
| #define HAVE_FUTIMENS 1
| #define HAVE_POSIX_FADVISE 1
| #define HAVE_PROGRAM_INVOCATION_NAME 1
| #define HAVE___BUILTIN_BSWAPXX 1
| #define TUKLIB_FAST_UNALIGNED_ACCESS 1
| #define HAVE___BUILTIN_ASSUME_ALIGNED 1
| #define HAVE_SYS_PARAM_H 1
| #define TUKLIB_PHYSMEM_SYSCONF 1
| #define HAVE_SYS_PARAM_H 1
| #define TUKLIB_CPUCORES_SCHED_GETAFFINITY 1
| #define HAVE_MBRTOWC 1
| #define HAVE_WCWIDTH 1
| #define HAVE__MM_MOVEMASK_EPI8 1
| #define HAVE_USABLE_CLMUL 1
| /* end confdefs.h.  */
| #include <sys/capability.h>
| 
| int
| main (void)
| {
| #ifndef cap_rights_limit
| #ifdef __cplusplus
|   (void) cap_rights_limit;
| #else
|   (void) cap_rights_limit;
| #endif
| #endif
| 
|   ;
|   return 0;
| }
configure:21591: result: no
configure:21696: checking for pledge
configure:21696: gcc -o conftest -g -O2   conftest.c  -lpthread >&5
/usr/x86_64-pc-linux-gnu/binutils-bin/2.46.0/ld: /tmp/ccNjWKxv.o: in function `main':
/home/wanderer/Jobs/dsnote-qt6/build/external/xz/conftest.c:134:(.text.startup+0x9): undefined reference to `pledge'
collect2: error: ld returned 1 exit status
configure:21696: $? = 1
configure: failed program was:
| /* confdefs.h */
| #define PACKAGE_NAME "XZ Utils"
| #define PACKAGE_TARNAME "xz"
| #define PACKAGE_VERSION "5.4.2"
| #define PACKAGE_STRING "XZ Utils 5.4.2"
| #define PACKAGE_BUGREPORT "xz@tukaani.org"
| #define PACKAGE_URL "https://tukaani.org/xz/"
| #define NDEBUG 1
| #define HAVE_ENCODER_LZMA1 1
| #define HAVE_ENCODER_LZMA2 1
| #define HAVE_ENCODER_DELTA 1
| #define HAVE_ENCODER_X86 1
| #define HAVE_ENCODER_POWERPC 1
| #define HAVE_ENCODER_IA64 1
| #define HAVE_ENCODER_ARM 1
| #define HAVE_ENCODER_ARMTHUMB 1
| #define HAVE_ENCODER_ARM64 1
| #define HAVE_ENCODER_SPARC 1
| #define HAVE_ENCODERS 1
| #define HAVE_DECODER_LZMA1 1
| #define HAVE_DECODER_LZMA2 1
| #define HAVE_DECODER_DELTA 1
| #define HAVE_DECODER_X86 1
| #define HAVE_DECODER_POWERPC 1
| #define HAVE_DECODER_IA64 1
| #define HAVE_DECODER_ARM 1
| #define HAVE_DECODER_ARMTHUMB 1
| #define HAVE_DECODER_ARM64 1
| #define HAVE_DECODER_SPARC 1
| #define HAVE_DECODERS 1
| #define HAVE_MF_HC3 1
| #define HAVE_MF_HC4 1
| #define HAVE_MF_BT2 1
| #define HAVE_MF_BT3 1
| #define HAVE_MF_BT4 1
| #define HAVE_CHECK_CRC32 1
| #define HAVE_CHECK_CRC64 1
| #define HAVE_CHECK_SHA256 1
| #define HAVE_LZIP_DECODER 1
| #define ASSUME_RAM 128
| #define PACKAGE "xz"
| #define VERSION "5.4.2"
| #define HAVE_STDIO_H 1
| #define HAVE_STDLIB_H 1
| #define HAVE_STRING_H 1
| #define HAVE_INTTYPES_H 1
| #define HAVE_STDINT_H 1
| #define HAVE_STRINGS_H 1
| #define HAVE_SYS_STAT_H 1
| #define HAVE_SYS_TYPES_H 1
| #define HAVE_UNISTD_H 1
| #define HAVE_WCHAR_H 1
| #define STDC_HEADERS 1
| #define _ALL_SOURCE 1
| #define _DARWIN_C_SOURCE 1
| #define _GNU_SOURCE 1
| #define _HPUX_ALT_XOPEN_SOCKET_API 1
| #define _NETBSD_SOURCE 1
| #define _OPENBSD_SOURCE 1
| #define _POSIX_PTHREAD_SEMANTICS 1
| #define __STDC_WANT_IEC_60559_ATTRIBS_EXT__ 1
| #define __STDC_WANT_IEC_60559_BFP_EXT__ 1
| #define __STDC_WANT_IEC_60559_DFP_EXT__ 1
| #define __STDC_WANT_IEC_60559_FUNCS_EXT__ 1
| #define __STDC_WANT_IEC_60559_TYPES_EXT__ 1
| #define __STDC_WANT_LIB_EXT2__ 1
| #define __STDC_WANT_MATH_SPEC_FUNCS__ 1
| #define _TANDEM_SOURCE 1
| #define __EXTENSIONS__ 1
| #define HAVE_PTHREAD_PRIO_INHERIT 1
| #define MYTHREAD_POSIX 1
| #define HAVE_CLOCK_GETTIME 1
| #define HAVE_PTHREAD_CONDATTR_SETCLOCK 1
| #define HAVE_CLOCK_MONOTONIC 1
| #define HAVE_DLFCN_H 1
| #define LT_OBJDIR ".libs/"
| #define ENABLE_NLS 1
| #define HAVE_GETTEXT 1
| #define HAVE_DCGETTEXT 1
| #define HAVE_FCNTL_H 1
| #define HAVE_LIMITS_H 1
| #define HAVE_SYS_TIME_H 1
| #define HAVE_IMMINTRIN_H 1
| #define HAVE_CPUID_H 1
| #define HAVE__BOOL 1
| #define HAVE_UINTPTR_T 1
| #define SIZEOF_SIZE_T 8
| #define HAVE_STRUCT_STAT_ST_ATIM_TV_NSEC 1
| #define HAVE_FUNC_ATTRIBUTE_CONSTRUCTOR 1
| #define HAVE_GETOPT_H 1
| #define HAVE_GETOPT_LONG 1
| #define HAVE_FUTIMENS 1
| #define HAVE_POSIX_FADVISE 1
| #define HAVE_PROGRAM_INVOCATION_NAME 1
| #define HAVE___BUILTIN_BSWAPXX 1
| #define TUKLIB_FAST_UNALIGNED_ACCESS 1
| #define HAVE___BUILTIN_ASSUME_ALIGNED 1
| #define HAVE_SYS_PARAM_H 1
| #define TUKLIB_PHYSMEM_SYSCONF 1
| #define HAVE_SYS_PARAM_H 1
| #define TUKLIB_CPUCORES_SCHED_GETAFFINITY 1
| #define HAVE_MBRTOWC 1
| #define HAVE_WCWIDTH 1
| #define HAVE__MM_MOVEMASK_EPI8 1
| #define HAVE_USABLE_CLMUL 1
| /* end confdefs.h.  */
| /* Define pledge to an innocuous variant, in case <limits.h> declares pledge.
|    For example, HP-UX 11i <limits.h> declares gettimeofday.  */
| #define pledge innocuous_pledge
| 
| /* System header to define __stub macros and hopefully few prototypes,
|    which can conflict with char pledge (); below.  */
| 
| #include <limits.h>
| #undef pledge
| 
| /* Override any GCC internal prototype to avoid an error.
|    Use char because int might match the return type of a GCC
|    builtin and then its argument prototype would still apply.  */
| #ifdef __cplusplus
| extern "C"
| #endif
| char pledge ();
| /* The GNU C library defines this for functions which it implements
|     to always fail with ENOSYS.  Some functions are actually named
|     something starting with __ and the normal name is an alias.  */
| #if defined __stub_pledge || defined __stub___pledge
| choke me
| #endif
| 
| int
| main (void)
| {
| return pledge ();
|   ;
|   return 0;
| }
configure:21696: result: no
configure:21734: checking whether the -Werror option is usable
configure:21753: gcc -c -g -O2 -Werror  conftest.c >&5
configure:21753: $? = 0
configure:21763: result: yes
configure:21765: checking for simple visibility declarations
configure:21792: gcc -c -g -O2 -fvisibility=hidden -Werror  conftest.c >&5
configure:21792: $? = 0
configure:21802: result: yes
configure:21880: checking if gcc accepts -Wall
configure:21888: gcc -c -g -O2 -Wall -Werror  conftest.c >&5
configure:21888: $? = 0
configure:21892: result: yes
configure:21880: checking if gcc accepts -Wextra
configure:21888: gcc -c -g -O2 -Wextra -Werror  conftest.c >&5
configure:21888: $? = 0
configure:21892: result: yes
configure:21880: checking if gcc accepts -Wvla
configure:21888: gcc -c -g -O2 -Wvla -Werror  conftest.c >&5
configure:21888: $? = 0
configure:21892: result: yes
configure:21880: checking if gcc accepts -Wc99-c11-compat
configure:21888: gcc -c -g -O2 -Wc99-c11-compat -Werror  conftest.c >&5
configure:21888: $? = 0
configure:21892: result: yes
configure:21880: checking if gcc accepts -Wformat=2
configure:21888: gcc -c -g -O2 -Wformat=2 -Werror  conftest.c >&5
configure:21888: $? = 0
configure:21892: result: yes
configure:21880: checking if gcc accepts -Winit-self
configure:21888: gcc -c -g -O2 -Winit-self -Werror  conftest.c >&5
configure:21888: $? = 0
configure:21892: result: yes
configure:21880: checking if gcc accepts -Wmissing-include-dirs
configure:21888: gcc -c -g -O2 -Wmissing-include-dirs -Werror  conftest.c >&5
configure:21888: $? = 0
configure:21892: result: yes
configure:21880: checking if gcc accepts -Wshift-overflow=2
configure:21888: gcc -c -g -O2 -Wshift-overflow=2 -Werror  conftest.c >&5
configure:21888: $? = 0
configure:21892: result: yes
configure:21880: checking if gcc accepts -Wstrict-overflow=3
configure:21888: gcc -c -g -O2 -Wstrict-overflow=3 -Werror  conftest.c >&5
configure:21888: $? = 0
configure:21892: result: yes
configure:21880: checking if gcc accepts -Walloc-zero
configure:21888: gcc -c -g -O2 -Walloc-zero -Werror  conftest.c >&5
configure:21888: $? = 0
configure:21892: result: yes
configure:21880: checking if gcc accepts -Wduplicated-cond
configure:21888: gcc -c -g -O2 -Wduplicated-cond -Werror  conftest.c >&5
configure:21888: $? = 0
configure:21892: result: yes
configure:21880: checking if gcc accepts -Wfloat-equal
configure:21888: gcc -c -g -O2 -Wfloat-equal -Werror  conftest.c >&5
configure:21888: $? = 0
configure:21892: result: yes
configure:21880: checking if gcc accepts -Wundef
configure:21888: gcc -c -g -O2 -Wundef -Werror  conftest.c >&5
configure:21888: $? = 0
configure:21892: result: yes
configure:21880: checking if gcc accepts -Wshadow
configure:21888: gcc -c -g -O2 -Wshadow -Werror  conftest.c >&5
configure:21888: $? = 0
configure:21892: result: yes
configure:21880: checking if gcc accepts -Wpointer-arith
configure:21888: gcc -c -g -O2 -Wpointer-arith -Werror  conftest.c >&5
configure:21888: $? = 0
configure:21892: result: yes
configure:21880: checking if gcc accepts -Wbad-function-cast
configure:21888: gcc -c -g -O2 -Wbad-function-cast -Werror  conftest.c >&5
configure:21888: $? = 0
configure:21892: result: yes
configure:21880: checking if gcc accepts -Wwrite-strings
configure:21888: gcc -c -g -O2 -Wwrite-strings -Werror  conftest.c >&5
configure:21888: $? = 0
configure:21892: result: yes
configure:21880: checking if gcc accepts -Wdate-time
configure:21888: gcc -c -g -O2 -Wdate-time -Werror  conftest.c >&5
configure:21888: $? = 0
configure:21892: result: yes
configure:21880: checking if gcc accepts -Wsign-conversion
configure:21888: gcc -c -g -O2 -Wsign-conversion -Werror  conftest.c >&5
configure:21888: $? = 0
configure:21892: result: yes
configure:21880: checking if gcc accepts -Wfloat-conversion
configure:21888: gcc -c -g -O2 -Wfloat-conversion -Werror  conftest.c >&5
configure:21888: $? = 0
configure:21892: result: yes
configure:21880: checking if gcc accepts -Wlogical-op
configure:21888: gcc -c -g -O2 -Wlogical-op -Werror  conftest.c >&5
configure:21888: $? = 0
configure:21892: result: yes
configure:21880: checking if gcc accepts -Waggregate-return
configure:21888: gcc -c -g -O2 -Waggregate-return -Werror  conftest.c >&5
configure:21888: $? = 0
configure:21892: result: yes
configure:21880: checking if gcc accepts -Wstrict-prototypes
configure:21888: gcc -c -g -O2 -Wstrict-prototypes -Werror  conftest.c >&5
configure:21888: $? = 0
configure:21892: result: yes
configure:21880: checking if gcc accepts -Wold-style-definition
configure:21888: gcc -c -g -O2 -Wold-style-definition -Werror  conftest.c >&5
configure:21888: $? = 0
configure:21892: result: yes
configure:21880: checking if gcc accepts -Wmissing-prototypes
configure:21888: gcc -c -g -O2 -Wmissing-prototypes -Werror  conftest.c >&5
configure:21888: $? = 0
configure:21892: result: yes
configure:21880: checking if gcc accepts -Wmissing-declarations
configure:21888: gcc -c -g -O2 -Wmissing-declarations -Werror  conftest.c >&5
configure:21888: $? = 0
configure:21892: result: yes
configure:21880: checking if gcc accepts -Wredundant-decls
configure:21888: gcc -c -g -O2 -Wredundant-decls -Werror  conftest.c >&5
configure:21888: $? = 0
configure:21892: result: yes
configure:21880: checking if gcc accepts -Wc99-compat
configure:21888: gcc -c -g -O2 -Wc99-compat -Werror  conftest.c >&5
gcc: error: unrecognized command-line option '-Wc99-compat'; did you mean '-Wc++-compat'?
configure:21888: $? = 1
configure: failed program was:
| /* confdefs.h */
| #define PACKAGE_NAME "XZ Utils"
| #define PACKAGE_TARNAME "xz"
| #define PACKAGE_VERSION "5.4.2"
| #define PACKAGE_STRING "XZ Utils 5.4.2"
| #define PACKAGE_BUGREPORT "xz@tukaani.org"
| #define PACKAGE_URL "https://tukaani.org/xz/"
| #define NDEBUG 1
| #define HAVE_ENCODER_LZMA1 1
| #define HAVE_ENCODER_LZMA2 1
| #define HAVE_ENCODER_DELTA 1
| #define HAVE_ENCODER_X86 1
| #define HAVE_ENCODER_POWERPC 1
| #define HAVE_ENCODER_IA64 1
| #define HAVE_ENCODER_ARM 1
| #define HAVE_ENCODER_ARMTHUMB 1
| #define HAVE_ENCODER_ARM64 1
| #define HAVE_ENCODER_SPARC 1
| #define HAVE_ENCODERS 1
| #define HAVE_DECODER_LZMA1 1
| #define HAVE_DECODER_LZMA2 1
| #define HAVE_DECODER_DELTA 1
| #define HAVE_DECODER_X86 1
| #define HAVE_DECODER_POWERPC 1
| #define HAVE_DECODER_IA64 1
| #define HAVE_DECODER_ARM 1
| #define HAVE_DECODER_ARMTHUMB 1
| #define HAVE_DECODER_ARM64 1
| #define HAVE_DECODER_SPARC 1
| #define HAVE_DECODERS 1
| #define HAVE_MF_HC3 1
| #define HAVE_MF_HC4 1
| #define HAVE_MF_BT2 1
| #define HAVE_MF_BT3 1
| #define HAVE_MF_BT4 1
| #define HAVE_CHECK_CRC32 1
| #define HAVE_CHECK_CRC64 1
| #define HAVE_CHECK_SHA256 1
| #define HAVE_LZIP_DECODER 1
| #define ASSUME_RAM 128
| #define PACKAGE "xz"
| #define VERSION "5.4.2"
| #define HAVE_STDIO_H 1
| #define HAVE_STDLIB_H 1
| #define HAVE_STRING_H 1
| #define HAVE_INTTYPES_H 1
| #define HAVE_STDINT_H 1
| #define HAVE_STRINGS_H 1
| #define HAVE_SYS_STAT_H 1
| #define HAVE_SYS_TYPES_H 1
| #define HAVE_UNISTD_H 1
| #define HAVE_WCHAR_H 1
| #define STDC_HEADERS 1
| #define _ALL_SOURCE 1
| #define _DARWIN_C_SOURCE 1
| #define _GNU_SOURCE 1
| #define _HPUX_ALT_XOPEN_SOCKET_API 1
| #define _NETBSD_SOURCE 1
| #define _OPENBSD_SOURCE 1
| #define _POSIX_PTHREAD_SEMANTICS 1
| #define __STDC_WANT_IEC_60559_ATTRIBS_EXT__ 1
| #define __STDC_WANT_IEC_60559_BFP_EXT__ 1
| #define __STDC_WANT_IEC_60559_DFP_EXT__ 1
| #define __STDC_WANT_IEC_60559_FUNCS_EXT__ 1
| #define __STDC_WANT_IEC_60559_TYPES_EXT__ 1
| #define __STDC_WANT_LIB_EXT2__ 1
| #define __STDC_WANT_MATH_SPEC_FUNCS__ 1
| #define _TANDEM_SOURCE 1
| #define __EXTENSIONS__ 1
| #define HAVE_PTHREAD_PRIO_INHERIT 1
| #define MYTHREAD_POSIX 1
| #define HAVE_CLOCK_GETTIME 1
| #define HAVE_PTHREAD_CONDATTR_SETCLOCK 1
| #define HAVE_CLOCK_MONOTONIC 1
| #define HAVE_DLFCN_H 1
| #define LT_OBJDIR ".libs/"
| #define ENABLE_NLS 1
| #define HAVE_GETTEXT 1
| #define HAVE_DCGETTEXT 1
| #define HAVE_FCNTL_H 1
| #define HAVE_LIMITS_H 1
| #define HAVE_SYS_TIME_H 1
| #define HAVE_IMMINTRIN_H 1
| #define HAVE_CPUID_H 1
| #define HAVE__BOOL 1
| #define HAVE_UINTPTR_T 1
| #define SIZEOF_SIZE_T 8
| #define HAVE_STRUCT_STAT_ST_ATIM_TV_NSEC 1
| #define HAVE_FUNC_ATTRIBUTE_CONSTRUCTOR 1
| #define HAVE_GETOPT_H 1
| #define HAVE_GETOPT_LONG 1
| #define HAVE_FUTIMENS 1
| #define HAVE_POSIX_FADVISE 1
| #define HAVE_PROGRAM_INVOCATION_NAME 1
| #define HAVE___BUILTIN_BSWAPXX 1
| #define TUKLIB_FAST_UNALIGNED_ACCESS 1
| #define HAVE___BUILTIN_ASSUME_ALIGNED 1
| #define HAVE_SYS_PARAM_H 1
| #define TUKLIB_PHYSMEM_SYSCONF 1
| #define HAVE_SYS_PARAM_H 1
| #define TUKLIB_CPUCORES_SCHED_GETAFFINITY 1
| #define HAVE_MBRTOWC 1
| #define HAVE_WCWIDTH 1
| #define HAVE__MM_MOVEMASK_EPI8 1
| #define HAVE_USABLE_CLMUL 1
| #define HAVE_VISIBILITY 1
| /* end confdefs.h.  */
| void foo(void); void foo(void) { }
configure:21897: result: no
configure:21880: checking if gcc accepts -Wc11-extensions
configure:21888: gcc -c -g -O2 -Wc11-extensions -Werror  conftest.c >&5
gcc: error: unrecognized command-line option '-Wc11-extensions'; did you mean '-Wc++11-extensions'?
configure:21888: $? = 1
configure: failed program was:
| /* confdefs.h */
| #define PACKAGE_NAME "XZ Utils"
| #define PACKAGE_TARNAME "xz"
| #define PACKAGE_VERSION "5.4.2"
| #define PACKAGE_STRING "XZ Utils 5.4.2"
| #define PACKAGE_BUGREPORT "xz@tukaani.org"
| #define PACKAGE_URL "https://tukaani.org/xz/"
| #define NDEBUG 1
| #define HAVE_ENCODER_LZMA1 1
| #define HAVE_ENCODER_LZMA2 1
| #define HAVE_ENCODER_DELTA 1
| #define HAVE_ENCODER_X86 1
| #define HAVE_ENCODER_POWERPC 1
| #define HAVE_ENCODER_IA64 1
| #define HAVE_ENCODER_ARM 1
| #define HAVE_ENCODER_ARMTHUMB 1
| #define HAVE_ENCODER_ARM64 1
| #define HAVE_ENCODER_SPARC 1
| #define HAVE_ENCODERS 1
| #define HAVE_DECODER_LZMA1 1
| #define HAVE_DECODER_LZMA2 1
| #define HAVE_DECODER_DELTA 1
| #define HAVE_DECODER_X86 1
| #define HAVE_DECODER_POWERPC 1
| #define HAVE_DECODER_IA64 1
| #define HAVE_DECODER_ARM 1
| #define HAVE_DECODER_ARMTHUMB 1
| #define HAVE_DECODER_ARM64 1
| #define HAVE_DECODER_SPARC 1
| #define HAVE_DECODERS 1
| #define HAVE_MF_HC3 1
| #define HAVE_MF_HC4 1
| #define HAVE_MF_BT2 1
| #define HAVE_MF_BT3 1
| #define HAVE_MF_BT4 1
| #define HAVE_CHECK_CRC32 1
| #define HAVE_CHECK_CRC64 1
| #define HAVE_CHECK_SHA256 1
| #define HAVE_LZIP_DECODER 1
| #define ASSUME_RAM 128
| #define PACKAGE "xz"
| #define VERSION "5.4.2"
| #define HAVE_STDIO_H 1
| #define HAVE_STDLIB_H 1
| #define HAVE_STRING_H 1
| #define HAVE_INTTYPES_H 1
| #define HAVE_STDINT_H 1
| #define HAVE_STRINGS_H 1
| #define HAVE_SYS_STAT_H 1
| #define HAVE_SYS_TYPES_H 1
| #define HAVE_UNISTD_H 1
| #define HAVE_WCHAR_H 1
| #define STDC_HEADERS 1
| #define _ALL_SOURCE 1
| #define _DARWIN_C_SOURCE 1
| #define _GNU_SOURCE 1
| #define _HPUX_ALT_XOPEN_SOCKET_API 1
| #define _NETBSD_SOURCE 1
| #define _OPENBSD_SOURCE 1
| #define _POSIX_PTHREAD_SEMANTICS 1
| #define __STDC_WANT_IEC_60559_ATTRIBS_EXT__ 1
| #define __STDC_WANT_IEC_60559_BFP_EXT__ 1
| #define __STDC_WANT_IEC_60559_DFP_EXT__ 1
| #define __STDC_WANT_IEC_60559_FUNCS_EXT__ 1
| #define __STDC_WANT_IEC_60559_TYPES_EXT__ 1
| #define __STDC_WANT_LIB_EXT2__ 1
| #define __STDC_WANT_MATH_SPEC_FUNCS__ 1
| #define _TANDEM_SOURCE 1
| #define __EXTENSIONS__ 1
| #define HAVE_PTHREAD_PRIO_INHERIT 1
| #define MYTHREAD_POSIX 1
| #define HAVE_CLOCK_GETTIME 1
| #define HAVE_PTHREAD_CONDATTR_SETCLOCK 1
| #define HAVE_CLOCK_MONOTONIC 1
| #define HAVE_DLFCN_H 1
| #define LT_OBJDIR ".libs/"
| #define ENABLE_NLS 1
| #define HAVE_GETTEXT 1
| #define HAVE_DCGETTEXT 1
| #define HAVE_FCNTL_H 1
| #define HAVE_LIMITS_H 1
| #define HAVE_SYS_TIME_H 1
| #define HAVE_IMMINTRIN_H 1
| #define HAVE_CPUID_H 1
| #define HAVE__BOOL 1
| #define HAVE_UINTPTR_T 1
| #define SIZEOF_SIZE_T 8
| #define HAVE_STRUCT_STAT_ST_ATIM_TV_NSEC 1
| #define HAVE_FUNC_ATTRIBUTE_CONSTRUCTOR 1
| #define HAVE_GETOPT_H 1
| #define HAVE_GETOPT_LONG 1
| #define HAVE_FUTIMENS 1
| #define HAVE_POSIX_FADVISE 1
| #define HAVE_PROGRAM_INVOCATION_NAME 1
| #define HAVE___BUILTIN_BSWAPXX 1
| #define TUKLIB_FAST_UNALIGNED_ACCESS 1
| #define HAVE___BUILTIN_ASSUME_ALIGNED 1
| #define HAVE_SYS_PARAM_H 1
| #define TUKLIB_PHYSMEM_SYSCONF 1
| #define HAVE_SYS_PARAM_H 1
| #define TUKLIB_CPUCORES_SCHED_GETAFFINITY 1
| #define HAVE_MBRTOWC 1
| #define HAVE_WCWIDTH 1
| #define HAVE__MM_MOVEMASK_EPI8 1
| #define HAVE_USABLE_CLMUL 1
| #define HAVE_VISIBILITY 1
| /* end confdefs.h.  */
| void foo(void); void foo(void) { }
configure:21897: result: no
configure:21880: checking if gcc accepts -Wc2x-compat
configure:21888: gcc -c -g -O2 -Wc2x-compat -Werror  conftest.c >&5
gcc: error: unrecognized command-line option '-Wc2x-compat'; did you mean '-Wc++-compat'?
configure:21888: $? = 1
configure: failed program was:
| /* confdefs.h */
| #define PACKAGE_NAME "XZ Utils"
| #define PACKAGE_TARNAME "xz"
| #define PACKAGE_VERSION "5.4.2"
| #define PACKAGE_STRING "XZ Utils 5.4.2"
| #define PACKAGE_BUGREPORT "xz@tukaani.org"
| #define PACKAGE_URL "https://tukaani.org/xz/"
| #define NDEBUG 1
| #define HAVE_ENCODER_LZMA1 1
| #define HAVE_ENCODER_LZMA2 1
| #define HAVE_ENCODER_DELTA 1
| #define HAVE_ENCODER_X86 1
| #define HAVE_ENCODER_POWERPC 1
| #define HAVE_ENCODER_IA64 1
| #define HAVE_ENCODER_ARM 1
| #define HAVE_ENCODER_ARMTHUMB 1
| #define HAVE_ENCODER_ARM64 1
| #define HAVE_ENCODER_SPARC 1
| #define HAVE_ENCODERS 1
| #define HAVE_DECODER_LZMA1 1
| #define HAVE_DECODER_LZMA2 1
| #define HAVE_DECODER_DELTA 1
| #define HAVE_DECODER_X86 1
| #define HAVE_DECODER_POWERPC 1
| #define HAVE_DECODER_IA64 1
| #define HAVE_DECODER_ARM 1
| #define HAVE_DECODER_ARMTHUMB 1
| #define HAVE_DECODER_ARM64 1
| #define HAVE_DECODER_SPARC 1
| #define HAVE_DECODERS 1
| #define HAVE_MF_HC3 1
| #define HAVE_MF_HC4 1
| #define HAVE_MF_BT2 1
| #define HAVE_MF_BT3 1
| #define HAVE_MF_BT4 1
| #define HAVE_CHECK_CRC32 1
| #define HAVE_CHECK_CRC64 1
| #define HAVE_CHECK_SHA256 1
| #define HAVE_LZIP_DECODER 1
| #define ASSUME_RAM 128
| #define PACKAGE "xz"
| #define VERSION "5.4.2"
| #define HAVE_STDIO_H 1
| #define HAVE_STDLIB_H 1
| #define HAVE_STRING_H 1
| #define HAVE_INTTYPES_H 1
| #define HAVE_STDINT_H 1
| #define HAVE_STRINGS_H 1
| #define HAVE_SYS_STAT_H 1
| #define HAVE_SYS_TYPES_H 1
| #define HAVE_UNISTD_H 1
| #define HAVE_WCHAR_H 1
| #define STDC_HEADERS 1
| #define _ALL_SOURCE 1
| #define _DARWIN_C_SOURCE 1
| #define _GNU_SOURCE 1
| #define _HPUX_ALT_XOPEN_SOCKET_API 1
| #define _NETBSD_SOURCE 1
| #define _OPENBSD_SOURCE 1
| #define _POSIX_PTHREAD_SEMANTICS 1
| #define __STDC_WANT_IEC_60559_ATTRIBS_EXT__ 1
| #define __STDC_WANT_IEC_60559_BFP_EXT__ 1
| #define __STDC_WANT_IEC_60559_DFP_EXT__ 1
| #define __STDC_WANT_IEC_60559_FUNCS_EXT__ 1
| #define __STDC_WANT_IEC_60559_TYPES_EXT__ 1
| #define __STDC_WANT_LIB_EXT2__ 1
| #define __STDC_WANT_MATH_SPEC_FUNCS__ 1
| #define _TANDEM_SOURCE 1
| #define __EXTENSIONS__ 1
| #define HAVE_PTHREAD_PRIO_INHERIT 1
| #define MYTHREAD_POSIX 1
| #define HAVE_CLOCK_GETTIME 1
| #define HAVE_PTHREAD_CONDATTR_SETCLOCK 1
| #define HAVE_CLOCK_MONOTONIC 1
| #define HAVE_DLFCN_H 1
| #define LT_OBJDIR ".libs/"
| #define ENABLE_NLS 1
| #define HAVE_GETTEXT 1
| #define HAVE_DCGETTEXT 1
| #define HAVE_FCNTL_H 1
| #define HAVE_LIMITS_H 1
| #define HAVE_SYS_TIME_H 1
| #define HAVE_IMMINTRIN_H 1
| #define HAVE_CPUID_H 1
| #define HAVE__BOOL 1
| #define HAVE_UINTPTR_T 1
| #define SIZEOF_SIZE_T 8
| #define HAVE_STRUCT_STAT_ST_ATIM_TV_NSEC 1
| #define HAVE_FUNC_ATTRIBUTE_CONSTRUCTOR 1
| #define HAVE_GETOPT_H 1
| #define HAVE_GETOPT_LONG 1
| #define HAVE_FUTIMENS 1
| #define HAVE_POSIX_FADVISE 1
| #define HAVE_PROGRAM_INVOCATION_NAME 1
| #define HAVE___BUILTIN_BSWAPXX 1
| #define TUKLIB_FAST_UNALIGNED_ACCESS 1
| #define HAVE___BUILTIN_ASSUME_ALIGNED 1
| #define HAVE_SYS_PARAM_H 1
| #define TUKLIB_PHYSMEM_SYSCONF 1
| #define HAVE_SYS_PARAM_H 1
| #define TUKLIB_CPUCORES_SCHED_GETAFFINITY 1
| #define HAVE_MBRTOWC 1
| #define HAVE_WCWIDTH 1
| #define HAVE__MM_MOVEMASK_EPI8 1
| #define HAVE_USABLE_CLMUL 1
| #define HAVE_VISIBILITY 1
| /* end confdefs.h.  */
| void foo(void); void foo(void) { }
configure:21897: result: no
configure:21880: checking if gcc accepts -Wc2x-extensions
configure:21888: gcc -c -g -O2 -Wc2x-extensions -Werror  conftest.c >&5
gcc: error: unrecognized command-line option '-Wc2x-extensions'; did you mean '-Wc++20-extensions'?
configure:21888: $? = 1
configure: failed program was:
| /* confdefs.h */
| #define PACKAGE_NAME "XZ Utils"
| #define PACKAGE_TARNAME "xz"
| #define PACKAGE_VERSION "5.4.2"
| #define PACKAGE_STRING "XZ Utils 5.4.2"
| #define PACKAGE_BUGREPORT "xz@tukaani.org"
| #define PACKAGE_URL "https://tukaani.org/xz/"
| #define NDEBUG 1
| #define HAVE_ENCODER_LZMA1 1
| #define HAVE_ENCODER_LZMA2 1
| #define HAVE_ENCODER_DELTA 1
| #define HAVE_ENCODER_X86 1
| #define HAVE_ENCODER_POWERPC 1
| #define HAVE_ENCODER_IA64 1
| #define HAVE_ENCODER_ARM 1
| #define HAVE_ENCODER_ARMTHUMB 1
| #define HAVE_ENCODER_ARM64 1
| #define HAVE_ENCODER_SPARC 1
| #define HAVE_ENCODERS 1
| #define HAVE_DECODER_LZMA1 1
| #define HAVE_DECODER_LZMA2 1
| #define HAVE_DECODER_DELTA 1
| #define HAVE_DECODER_X86 1
| #define HAVE_DECODER_POWERPC 1
| #define HAVE_DECODER_IA64 1
| #define HAVE_DECODER_ARM 1
| #define HAVE_DECODER_ARMTHUMB 1
| #define HAVE_DECODER_ARM64 1
| #define HAVE_DECODER_SPARC 1
| #define HAVE_DECODERS 1
| #define HAVE_MF_HC3 1
| #define HAVE_MF_HC4 1
| #define HAVE_MF_BT2 1
| #define HAVE_MF_BT3 1
| #define HAVE_MF_BT4 1
| #define HAVE_CHECK_CRC32 1
| #define HAVE_CHECK_CRC64 1
| #define HAVE_CHECK_SHA256 1
| #define HAVE_LZIP_DECODER 1
| #define ASSUME_RAM 128
| #define PACKAGE "xz"
| #define VERSION "5.4.2"
| #define HAVE_STDIO_H 1
| #define HAVE_STDLIB_H 1
| #define HAVE_STRING_H 1
| #define HAVE_INTTYPES_H 1
| #define HAVE_STDINT_H 1
| #define HAVE_STRINGS_H 1
| #define HAVE_SYS_STAT_H 1
| #define HAVE_SYS_TYPES_H 1
| #define HAVE_UNISTD_H 1
| #define HAVE_WCHAR_H 1
| #define STDC_HEADERS 1
| #define _ALL_SOURCE 1
| #define _DARWIN_C_SOURCE 1
| #define _GNU_SOURCE 1
| #define _HPUX_ALT_XOPEN_SOCKET_API 1
| #define _NETBSD_SOURCE 1
| #define _OPENBSD_SOURCE 1
| #define _POSIX_PTHREAD_SEMANTICS 1
| #define __STDC_WANT_IEC_60559_ATTRIBS_EXT__ 1
| #define __STDC_WANT_IEC_60559_BFP_EXT__ 1
| #define __STDC_WANT_IEC_60559_DFP_EXT__ 1
| #define __STDC_WANT_IEC_60559_FUNCS_EXT__ 1
| #define __STDC_WANT_IEC_60559_TYPES_EXT__ 1
| #define __STDC_WANT_LIB_EXT2__ 1
| #define __STDC_WANT_MATH_SPEC_FUNCS__ 1
| #define _TANDEM_SOURCE 1
| #define __EXTENSIONS__ 1
| #define HAVE_PTHREAD_PRIO_INHERIT 1
| #define MYTHREAD_POSIX 1
| #define HAVE_CLOCK_GETTIME 1
| #define HAVE_PTHREAD_CONDATTR_SETCLOCK 1
| #define HAVE_CLOCK_MONOTONIC 1
| #define HAVE_DLFCN_H 1
| #define LT_OBJDIR ".libs/"
| #define ENABLE_NLS 1
| #define HAVE_GETTEXT 1
| #define HAVE_DCGETTEXT 1
| #define HAVE_FCNTL_H 1
| #define HAVE_LIMITS_H 1
| #define HAVE_SYS_TIME_H 1
| #define HAVE_IMMINTRIN_H 1
| #define HAVE_CPUID_H 1
| #define HAVE__BOOL 1
| #define HAVE_UINTPTR_T 1
| #define SIZEOF_SIZE_T 8
| #define HAVE_STRUCT_STAT_ST_ATIM_TV_NSEC 1
| #define HAVE_FUNC_ATTRIBUTE_CONSTRUCTOR 1
| #define HAVE_GETOPT_H 1
| #define HAVE_GETOPT_LONG 1
| #define HAVE_FUTIMENS 1
| #define HAVE_POSIX_FADVISE 1
| #define HAVE_PROGRAM_INVOCATION_NAME 1
| #define HAVE___BUILTIN_BSWAPXX 1
| #define TUKLIB_FAST_UNALIGNED_ACCESS 1
| #define HAVE___BUILTIN_ASSUME_ALIGNED 1
| #define HAVE_SYS_PARAM_H 1
| #define TUKLIB_PHYSMEM_SYSCONF 1
| #define HAVE_SYS_PARAM_H 1
| #define TUKLIB_CPUCORES_SCHED_GETAFFINITY 1
| #define HAVE_MBRTOWC 1
| #define HAVE_WCWIDTH 1
| #define HAVE__MM_MOVEMASK_EPI8 1
| #define HAVE_USABLE_CLMUL 1
| #define HAVE_VISIBILITY 1
| /* end confdefs.h.  */
| void foo(void); void foo(void) { }
configure:21897: result: no
configure:21880: checking if gcc accepts -Wpre-c2x-compat
configure:21888: gcc -c -g -O2 -Wpre-c2x-compat -Werror  conftest.c >&5
gcc: error: unrecognized command-line option '-Wpre-c2x-compat'; did you mean '-Wc11-c2x-compat'?
configure:21888: $? = 1
configure: failed program was:
| /* confdefs.h */
| #define PACKAGE_NAME "XZ Utils"
| #define PACKAGE_TARNAME "xz"
| #define PACKAGE_VERSION "5.4.2"
| #define PACKAGE_STRING "XZ Utils 5.4.2"
| #define PACKAGE_BUGREPORT "xz@tukaani.org"
| #define PACKAGE_URL "https://tukaani.org/xz/"
| #define NDEBUG 1
| #define HAVE_ENCODER_LZMA1 1
| #define HAVE_ENCODER_LZMA2 1
| #define HAVE_ENCODER_DELTA 1
| #define HAVE_ENCODER_X86 1
| #define HAVE_ENCODER_POWERPC 1
| #define HAVE_ENCODER_IA64 1
| #define HAVE_ENCODER_ARM 1
| #define HAVE_ENCODER_ARMTHUMB 1
| #define HAVE_ENCODER_ARM64 1
| #define HAVE_ENCODER_SPARC 1
| #define HAVE_ENCODERS 1
| #define HAVE_DECODER_LZMA1 1
| #define HAVE_DECODER_LZMA2 1
| #define HAVE_DECODER_DELTA 1
| #define HAVE_DECODER_X86 1
| #define HAVE_DECODER_POWERPC 1
| #define HAVE_DECODER_IA64 1
| #define HAVE_DECODER_ARM 1
| #define HAVE_DECODER_ARMTHUMB 1
| #define HAVE_DECODER_ARM64 1
| #define HAVE_DECODER_SPARC 1
| #define HAVE_DECODERS 1
| #define HAVE_MF_HC3 1
| #define HAVE_MF_HC4 1
| #define HAVE_MF_BT2 1
| #define HAVE_MF_BT3 1
| #define HAVE_MF_BT4 1
| #define HAVE_CHECK_CRC32 1
| #define HAVE_CHECK_CRC64 1
| #define HAVE_CHECK_SHA256 1
| #define HAVE_LZIP_DECODER 1
| #define ASSUME_RAM 128
| #define PACKAGE "xz"
| #define VERSION "5.4.2"
| #define HAVE_STDIO_H 1
| #define HAVE_STDLIB_H 1
| #define HAVE_STRING_H 1
| #define HAVE_INTTYPES_H 1
| #define HAVE_STDINT_H 1
| #define HAVE_STRINGS_H 1
| #define HAVE_SYS_STAT_H 1
| #define HAVE_SYS_TYPES_H 1
| #define HAVE_UNISTD_H 1
| #define HAVE_WCHAR_H 1
| #define STDC_HEADERS 1
| #define _ALL_SOURCE 1
| #define _DARWIN_C_SOURCE 1
| #define _GNU_SOURCE 1
| #define _HPUX_ALT_XOPEN_SOCKET_API 1
| #define _NETBSD_SOURCE 1
| #define _OPENBSD_SOURCE 1
| #define _POSIX_PTHREAD_SEMANTICS 1
| #define __STDC_WANT_IEC_60559_ATTRIBS_EXT__ 1
| #define __STDC_WANT_IEC_60559_BFP_EXT__ 1
| #define __STDC_WANT_IEC_60559_DFP_EXT__ 1
| #define __STDC_WANT_IEC_60559_FUNCS_EXT__ 1
| #define __STDC_WANT_IEC_60559_TYPES_EXT__ 1
| #define __STDC_WANT_LIB_EXT2__ 1
| #define __STDC_WANT_MATH_SPEC_FUNCS__ 1
| #define _TANDEM_SOURCE 1
| #define __EXTENSIONS__ 1
| #define HAVE_PTHREAD_PRIO_INHERIT 1
| #define MYTHREAD_POSIX 1
| #define HAVE_CLOCK_GETTIME 1
| #define HAVE_PTHREAD_CONDATTR_SETCLOCK 1
| #define HAVE_CLOCK_MONOTONIC 1
| #define HAVE_DLFCN_H 1
| #define LT_OBJDIR ".libs/"
| #define ENABLE_NLS 1
| #define HAVE_GETTEXT 1
| #define HAVE_DCGETTEXT 1
| #define HAVE_FCNTL_H 1
| #define HAVE_LIMITS_H 1
| #define HAVE_SYS_TIME_H 1
| #define HAVE_IMMINTRIN_H 1
| #define HAVE_CPUID_H 1
| #define HAVE__BOOL 1
| #define HAVE_UINTPTR_T 1
| #define SIZEOF_SIZE_T 8
| #define HAVE_STRUCT_STAT_ST_ATIM_TV_NSEC 1
| #define HAVE_FUNC_ATTRIBUTE_CONSTRUCTOR 1
| #define HAVE_GETOPT_H 1
| #define HAVE_GETOPT_LONG 1
| #define HAVE_FUTIMENS 1
| #define HAVE_POSIX_FADVISE 1
| #define HAVE_PROGRAM_INVOCATION_NAME 1
| #define HAVE___BUILTIN_BSWAPXX 1
| #define TUKLIB_FAST_UNALIGNED_ACCESS 1
| #define HAVE___BUILTIN_ASSUME_ALIGNED 1
| #define HAVE_SYS_PARAM_H 1
| #define TUKLIB_PHYSMEM_SYSCONF 1
| #define HAVE_SYS_PARAM_H 1
| #define TUKLIB_CPUCORES_SCHED_GETAFFINITY 1
| #define HAVE_MBRTOWC 1
| #define HAVE_WCWIDTH 1
| #define HAVE__MM_MOVEMASK_EPI8 1
| #define HAVE_USABLE_CLMUL 1
| #define HAVE_VISIBILITY 1
| /* end confdefs.h.  */
| void foo(void); void foo(void) { }
configure:21897: result: no
configure:21880: checking if gcc accepts -Warray-bounds-pointer-arithmetic
configure:21888: gcc -c -g -O2 -Warray-bounds-pointer-arithmetic -Werror  conftest.c >&5
gcc: error: unrecognized command-line option '-Warray-bounds-pointer-arithmetic'
configure:21888: $? = 1
configure: failed program was:
| /* confdefs.h */
| #define PACKAGE_NAME "XZ Utils"
| #define PACKAGE_TARNAME "xz"
| #define PACKAGE_VERSION "5.4.2"
| #define PACKAGE_STRING "XZ Utils 5.4.2"
| #define PACKAGE_BUGREPORT "xz@tukaani.org"
| #define PACKAGE_URL "https://tukaani.org/xz/"
| #define NDEBUG 1
| #define HAVE_ENCODER_LZMA1 1
| #define HAVE_ENCODER_LZMA2 1
| #define HAVE_ENCODER_DELTA 1
| #define HAVE_ENCODER_X86 1
| #define HAVE_ENCODER_POWERPC 1
| #define HAVE_ENCODER_IA64 1
| #define HAVE_ENCODER_ARM 1
| #define HAVE_ENCODER_ARMTHUMB 1
| #define HAVE_ENCODER_ARM64 1
| #define HAVE_ENCODER_SPARC 1
| #define HAVE_ENCODERS 1
| #define HAVE_DECODER_LZMA1 1
| #define HAVE_DECODER_LZMA2 1
| #define HAVE_DECODER_DELTA 1
| #define HAVE_DECODER_X86 1
| #define HAVE_DECODER_POWERPC 1
| #define HAVE_DECODER_IA64 1
| #define HAVE_DECODER_ARM 1
| #define HAVE_DECODER_ARMTHUMB 1
| #define HAVE_DECODER_ARM64 1
| #define HAVE_DECODER_SPARC 1
| #define HAVE_DECODERS 1
| #define HAVE_MF_HC3 1
| #define HAVE_MF_HC4 1
| #define HAVE_MF_BT2 1
| #define HAVE_MF_BT3 1
| #define HAVE_MF_BT4 1
| #define HAVE_CHECK_CRC32 1
| #define HAVE_CHECK_CRC64 1
| #define HAVE_CHECK_SHA256 1
| #define HAVE_LZIP_DECODER 1
| #define ASSUME_RAM 128
| #define PACKAGE "xz"
| #define VERSION "5.4.2"
| #define HAVE_STDIO_H 1
| #define HAVE_STDLIB_H 1
| #define HAVE_STRING_H 1
| #define HAVE_INTTYPES_H 1
| #define HAVE_STDINT_H 1
| #define HAVE_STRINGS_H 1
| #define HAVE_SYS_STAT_H 1
| #define HAVE_SYS_TYPES_H 1
| #define HAVE_UNISTD_H 1
| #define HAVE_WCHAR_H 1
| #define STDC_HEADERS 1
| #define _ALL_SOURCE 1
| #define _DARWIN_C_SOURCE 1
| #define _GNU_SOURCE 1
| #define _HPUX_ALT_XOPEN_SOCKET_API 1
| #define _NETBSD_SOURCE 1
| #define _OPENBSD_SOURCE 1
| #define _POSIX_PTHREAD_SEMANTICS 1
| #define __STDC_WANT_IEC_60559_ATTRIBS_EXT__ 1
| #define __STDC_WANT_IEC_60559_BFP_EXT__ 1
| #define __STDC_WANT_IEC_60559_DFP_EXT__ 1
| #define __STDC_WANT_IEC_60559_FUNCS_EXT__ 1
| #define __STDC_WANT_IEC_60559_TYPES_EXT__ 1
| #define __STDC_WANT_LIB_EXT2__ 1
| #define __STDC_WANT_MATH_SPEC_FUNCS__ 1
| #define _TANDEM_SOURCE 1
| #define __EXTENSIONS__ 1
| #define HAVE_PTHREAD_PRIO_INHERIT 1
| #define MYTHREAD_POSIX 1
| #define HAVE_CLOCK_GETTIME 1
| #define HAVE_PTHREAD_CONDATTR_SETCLOCK 1
| #define HAVE_CLOCK_MONOTONIC 1
| #define HAVE_DLFCN_H 1
| #define LT_OBJDIR ".libs/"
| #define ENABLE_NLS 1
| #define HAVE_GETTEXT 1
| #define HAVE_DCGETTEXT 1
| #define HAVE_FCNTL_H 1
| #define HAVE_LIMITS_H 1
| #define HAVE_SYS_TIME_H 1
| #define HAVE_IMMINTRIN_H 1
| #define HAVE_CPUID_H 1
| #define HAVE__BOOL 1
| #define HAVE_UINTPTR_T 1
| #define SIZEOF_SIZE_T 8
| #define HAVE_STRUCT_STAT_ST_ATIM_TV_NSEC 1
| #define HAVE_FUNC_ATTRIBUTE_CONSTRUCTOR 1
| #define HAVE_GETOPT_H 1
| #define HAVE_GETOPT_LONG 1
| #define HAVE_FUTIMENS 1
| #define HAVE_POSIX_FADVISE 1
| #define HAVE_PROGRAM_INVOCATION_NAME 1
| #define HAVE___BUILTIN_BSWAPXX 1
| #define TUKLIB_FAST_UNALIGNED_ACCESS 1
| #define HAVE___BUILTIN_ASSUME_ALIGNED 1
| #define HAVE_SYS_PARAM_H 1
| #define TUKLIB_PHYSMEM_SYSCONF 1
| #define HAVE_SYS_PARAM_H 1
| #define TUKLIB_CPUCORES_SCHED_GETAFFINITY 1
| #define HAVE_MBRTOWC 1
| #define HAVE_WCWIDTH 1
| #define HAVE__MM_MOVEMASK_EPI8 1
| #define HAVE_USABLE_CLMUL 1
| #define HAVE_VISIBILITY 1
| /* end confdefs.h.  */
| void foo(void); void foo(void) { }
configure:21897: result: no
configure:21880: checking if gcc accepts -Wassign-enum
configure:21888: gcc -c -g -O2 -Wassign-enum -Werror  conftest.c >&5
gcc: error: unrecognized command-line option '-Wassign-enum'
configure:21888: $? = 1
configure: failed program was:
| /* confdefs.h */
| #define PACKAGE_NAME "XZ Utils"
| #define PACKAGE_TARNAME "xz"
| #define PACKAGE_VERSION "5.4.2"
| #define PACKAGE_STRING "XZ Utils 5.4.2"
| #define PACKAGE_BUGREPORT "xz@tukaani.org"
| #define PACKAGE_URL "https://tukaani.org/xz/"
| #define NDEBUG 1
| #define HAVE_ENCODER_LZMA1 1
| #define HAVE_ENCODER_LZMA2 1
| #define HAVE_ENCODER_DELTA 1
| #define HAVE_ENCODER_X86 1
| #define HAVE_ENCODER_POWERPC 1
| #define HAVE_ENCODER_IA64 1
| #define HAVE_ENCODER_ARM 1
| #define HAVE_ENCODER_ARMTHUMB 1
| #define HAVE_ENCODER_ARM64 1
| #define HAVE_ENCODER_SPARC 1
| #define HAVE_ENCODERS 1
| #define HAVE_DECODER_LZMA1 1
| #define HAVE_DECODER_LZMA2 1
| #define HAVE_DECODER_DELTA 1
| #define HAVE_DECODER_X86 1
| #define HAVE_DECODER_POWERPC 1
| #define HAVE_DECODER_IA64 1
| #define HAVE_DECODER_ARM 1
| #define HAVE_DECODER_ARMTHUMB 1
| #define HAVE_DECODER_ARM64 1
| #define HAVE_DECODER_SPARC 1
| #define HAVE_DECODERS 1
| #define HAVE_MF_HC3 1
| #define HAVE_MF_HC4 1
| #define HAVE_MF_BT2 1
| #define HAVE_MF_BT3 1
| #define HAVE_MF_BT4 1
| #define HAVE_CHECK_CRC32 1
| #define HAVE_CHECK_CRC64 1
| #define HAVE_CHECK_SHA256 1
| #define HAVE_LZIP_DECODER 1
| #define ASSUME_RAM 128
| #define PACKAGE "xz"
| #define VERSION "5.4.2"
| #define HAVE_STDIO_H 1
| #define HAVE_STDLIB_H 1
| #define HAVE_STRING_H 1
| #define HAVE_INTTYPES_H 1
| #define HAVE_STDINT_H 1
| #define HAVE_STRINGS_H 1
| #define HAVE_SYS_STAT_H 1
| #define HAVE_SYS_TYPES_H 1
| #define HAVE_UNISTD_H 1
| #define HAVE_WCHAR_H 1
| #define STDC_HEADERS 1
| #define _ALL_SOURCE 1
| #define _DARWIN_C_SOURCE 1
| #define _GNU_SOURCE 1
| #define _HPUX_ALT_XOPEN_SOCKET_API 1
| #define _NETBSD_SOURCE 1
| #define _OPENBSD_SOURCE 1
| #define _POSIX_PTHREAD_SEMANTICS 1
| #define __STDC_WANT_IEC_60559_ATTRIBS_EXT__ 1
| #define __STDC_WANT_IEC_60559_BFP_EXT__ 1
| #define __STDC_WANT_IEC_60559_DFP_EXT__ 1
| #define __STDC_WANT_IEC_60559_FUNCS_EXT__ 1
| #define __STDC_WANT_IEC_60559_TYPES_EXT__ 1
| #define __STDC_WANT_LIB_EXT2__ 1
| #define __STDC_WANT_MATH_SPEC_FUNCS__ 1
| #define _TANDEM_SOURCE 1
| #define __EXTENSIONS__ 1
| #define HAVE_PTHREAD_PRIO_INHERIT 1
| #define MYTHREAD_POSIX 1
| #define HAVE_CLOCK_GETTIME 1
| #define HAVE_PTHREAD_CONDATTR_SETCLOCK 1
| #define HAVE_CLOCK_MONOTONIC 1
| #define HAVE_DLFCN_H 1
| #define LT_OBJDIR ".libs/"
| #define ENABLE_NLS 1
| #define HAVE_GETTEXT 1
| #define HAVE_DCGETTEXT 1
| #define HAVE_FCNTL_H 1
| #define HAVE_LIMITS_H 1
| #define HAVE_SYS_TIME_H 1
| #define HAVE_IMMINTRIN_H 1
| #define HAVE_CPUID_H 1
| #define HAVE__BOOL 1
| #define HAVE_UINTPTR_T 1
| #define SIZEOF_SIZE_T 8
| #define HAVE_STRUCT_STAT_ST_ATIM_TV_NSEC 1
| #define HAVE_FUNC_ATTRIBUTE_CONSTRUCTOR 1
| #define HAVE_GETOPT_H 1
| #define HAVE_GETOPT_LONG 1
| #define HAVE_FUTIMENS 1
| #define HAVE_POSIX_FADVISE 1
| #define HAVE_PROGRAM_INVOCATION_NAME 1
| #define HAVE___BUILTIN_BSWAPXX 1
| #define TUKLIB_FAST_UNALIGNED_ACCESS 1
| #define HAVE___BUILTIN_ASSUME_ALIGNED 1
| #define HAVE_SYS_PARAM_H 1
| #define TUKLIB_PHYSMEM_SYSCONF 1
| #define HAVE_SYS_PARAM_H 1
| #define TUKLIB_CPUCORES_SCHED_GETAFFINITY 1
| #define HAVE_MBRTOWC 1
| #define HAVE_WCWIDTH 1
| #define HAVE__MM_MOVEMASK_EPI8 1
| #define HAVE_USABLE_CLMUL 1
| #define HAVE_VISIBILITY 1
| /* end confdefs.h.  */
| void foo(void); void foo(void) { }
configure:21897: result: no
configure:21880: checking if gcc accepts -Wconditional-uninitialized
configure:21888: gcc -c -g -O2 -Wconditional-uninitialized -Werror  conftest.c >&5
gcc: error: unrecognized command-line option '-Wconditional-uninitialized'; did you mean '-Wno-uninitialized'?
configure:21888: $? = 1
configure: failed program was:
| /* confdefs.h */
| #define PACKAGE_NAME "XZ Utils"
| #define PACKAGE_TARNAME "xz"
| #define PACKAGE_VERSION "5.4.2"
| #define PACKAGE_STRING "XZ Utils 5.4.2"
| #define PACKAGE_BUGREPORT "xz@tukaani.org"
| #define PACKAGE_URL "https://tukaani.org/xz/"
| #define NDEBUG 1
| #define HAVE_ENCODER_LZMA1 1
| #define HAVE_ENCODER_LZMA2 1
| #define HAVE_ENCODER_DELTA 1
| #define HAVE_ENCODER_X86 1
| #define HAVE_ENCODER_POWERPC 1
| #define HAVE_ENCODER_IA64 1
| #define HAVE_ENCODER_ARM 1
| #define HAVE_ENCODER_ARMTHUMB 1
| #define HAVE_ENCODER_ARM64 1
| #define HAVE_ENCODER_SPARC 1
| #define HAVE_ENCODERS 1
| #define HAVE_DECODER_LZMA1 1
| #define HAVE_DECODER_LZMA2 1
| #define HAVE_DECODER_DELTA 1
| #define HAVE_DECODER_X86 1
| #define HAVE_DECODER_POWERPC 1
| #define HAVE_DECODER_IA64 1
| #define HAVE_DECODER_ARM 1
| #define HAVE_DECODER_ARMTHUMB 1
| #define HAVE_DECODER_ARM64 1
| #define HAVE_DECODER_SPARC 1
| #define HAVE_DECODERS 1
| #define HAVE_MF_HC3 1
| #define HAVE_MF_HC4 1
| #define HAVE_MF_BT2 1
| #define HAVE_MF_BT3 1
| #define HAVE_MF_BT4 1
| #define HAVE_CHECK_CRC32 1
| #define HAVE_CHECK_CRC64 1
| #define HAVE_CHECK_SHA256 1
| #define HAVE_LZIP_DECODER 1
| #define ASSUME_RAM 128
| #define PACKAGE "xz"
| #define VERSION "5.4.2"
| #define HAVE_STDIO_H 1
| #define HAVE_STDLIB_H 1
| #define HAVE_STRING_H 1
| #define HAVE_INTTYPES_H 1
| #define HAVE_STDINT_H 1
| #define HAVE_STRINGS_H 1
| #define HAVE_SYS_STAT_H 1
| #define HAVE_SYS_TYPES_H 1
| #define HAVE_UNISTD_H 1
| #define HAVE_WCHAR_H 1
| #define STDC_HEADERS 1
| #define _ALL_SOURCE 1
| #define _DARWIN_C_SOURCE 1
| #define _GNU_SOURCE 1
| #define _HPUX_ALT_XOPEN_SOCKET_API 1
| #define _NETBSD_SOURCE 1
| #define _OPENBSD_SOURCE 1
| #define _POSIX_PTHREAD_SEMANTICS 1
| #define __STDC_WANT_IEC_60559_ATTRIBS_EXT__ 1
| #define __STDC_WANT_IEC_60559_BFP_EXT__ 1
| #define __STDC_WANT_IEC_60559_DFP_EXT__ 1
| #define __STDC_WANT_IEC_60559_FUNCS_EXT__ 1
| #define __STDC_WANT_IEC_60559_TYPES_EXT__ 1
| #define __STDC_WANT_LIB_EXT2__ 1
| #define __STDC_WANT_MATH_SPEC_FUNCS__ 1
| #define _TANDEM_SOURCE 1
| #define __EXTENSIONS__ 1
| #define HAVE_PTHREAD_PRIO_INHERIT 1
| #define MYTHREAD_POSIX 1
| #define HAVE_CLOCK_GETTIME 1
| #define HAVE_PTHREAD_CONDATTR_SETCLOCK 1
| #define HAVE_CLOCK_MONOTONIC 1
| #define HAVE_DLFCN_H 1
| #define LT_OBJDIR ".libs/"
| #define ENABLE_NLS 1
| #define HAVE_GETTEXT 1
| #define HAVE_DCGETTEXT 1
| #define HAVE_FCNTL_H 1
| #define HAVE_LIMITS_H 1
| #define HAVE_SYS_TIME_H 1
| #define HAVE_IMMINTRIN_H 1
| #define HAVE_CPUID_H 1
| #define HAVE__BOOL 1
| #define HAVE_UINTPTR_T 1
| #define SIZEOF_SIZE_T 8
| #define HAVE_STRUCT_STAT_ST_ATIM_TV_NSEC 1
| #define HAVE_FUNC_ATTRIBUTE_CONSTRUCTOR 1
| #define HAVE_GETOPT_H 1
| #define HAVE_GETOPT_LONG 1
| #define HAVE_FUTIMENS 1
| #define HAVE_POSIX_FADVISE 1
| #define HAVE_PROGRAM_INVOCATION_NAME 1
| #define HAVE___BUILTIN_BSWAPXX 1
| #define TUKLIB_FAST_UNALIGNED_ACCESS 1
| #define HAVE___BUILTIN_ASSUME_ALIGNED 1
| #define HAVE_SYS_PARAM_H 1
| #define TUKLIB_PHYSMEM_SYSCONF 1
| #define HAVE_SYS_PARAM_H 1
| #define TUKLIB_CPUCORES_SCHED_GETAFFINITY 1
| #define HAVE_MBRTOWC 1
| #define HAVE_WCWIDTH 1
| #define HAVE__MM_MOVEMASK_EPI8 1
| #define HAVE_USABLE_CLMUL 1
| #define HAVE_VISIBILITY 1
| /* end confdefs.h.  */
| void foo(void); void foo(void) { }
configure:21897: result: no
configure:21880: checking if gcc accepts -Wdocumentation
configure:21888: gcc -c -g -O2 -Wdocumentation -Werror  conftest.c >&5
gcc: error: unrecognized command-line option '-Wdocumentation'
configure:21888: $? = 1
configure: failed program was:
| /* confdefs.h */
| #define PACKAGE_NAME "XZ Utils"
| #define PACKAGE_TARNAME "xz"
| #define PACKAGE_VERSION "5.4.2"
| #define PACKAGE_STRING "XZ Utils 5.4.2"
| #define PACKAGE_BUGREPORT "xz@tukaani.org"
| #define PACKAGE_URL "https://tukaani.org/xz/"
| #define NDEBUG 1
| #define HAVE_ENCODER_LZMA1 1
| #define HAVE_ENCODER_LZMA2 1
| #define HAVE_ENCODER_DELTA 1
| #define HAVE_ENCODER_X86 1
| #define HAVE_ENCODER_POWERPC 1
| #define HAVE_ENCODER_IA64 1
| #define HAVE_ENCODER_ARM 1
| #define HAVE_ENCODER_ARMTHUMB 1
| #define HAVE_ENCODER_ARM64 1
| #define HAVE_ENCODER_SPARC 1
| #define HAVE_ENCODERS 1
| #define HAVE_DECODER_LZMA1 1
| #define HAVE_DECODER_LZMA2 1
| #define HAVE_DECODER_DELTA 1
| #define HAVE_DECODER_X86 1
| #define HAVE_DECODER_POWERPC 1
| #define HAVE_DECODER_IA64 1
| #define HAVE_DECODER_ARM 1
| #define HAVE_DECODER_ARMTHUMB 1
| #define HAVE_DECODER_ARM64 1
| #define HAVE_DECODER_SPARC 1
| #define HAVE_DECODERS 1
| #define HAVE_MF_HC3 1
| #define HAVE_MF_HC4 1
| #define HAVE_MF_BT2 1
| #define HAVE_MF_BT3 1
| #define HAVE_MF_BT4 1
| #define HAVE_CHECK_CRC32 1
| #define HAVE_CHECK_CRC64 1
| #define HAVE_CHECK_SHA256 1
| #define HAVE_LZIP_DECODER 1
| #define ASSUME_RAM 128
| #define PACKAGE "xz"
| #define VERSION "5.4.2"
| #define HAVE_STDIO_H 1
| #define HAVE_STDLIB_H 1
| #define HAVE_STRING_H 1
| #define HAVE_INTTYPES_H 1
| #define HAVE_STDINT_H 1
| #define HAVE_STRINGS_H 1
| #define HAVE_SYS_STAT_H 1
| #define HAVE_SYS_TYPES_H 1
| #define HAVE_UNISTD_H 1
| #define HAVE_WCHAR_H 1
| #define STDC_HEADERS 1
| #define _ALL_SOURCE 1
| #define _DARWIN_C_SOURCE 1
| #define _GNU_SOURCE 1
| #define _HPUX_ALT_XOPEN_SOCKET_API 1
| #define _NETBSD_SOURCE 1
| #define _OPENBSD_SOURCE 1
| #define _POSIX_PTHREAD_SEMANTICS 1
| #define __STDC_WANT_IEC_60559_ATTRIBS_EXT__ 1
| #define __STDC_WANT_IEC_60559_BFP_EXT__ 1
| #define __STDC_WANT_IEC_60559_DFP_EXT__ 1
| #define __STDC_WANT_IEC_60559_FUNCS_EXT__ 1
| #define __STDC_WANT_IEC_60559_TYPES_EXT__ 1
| #define __STDC_WANT_LIB_EXT2__ 1
| #define __STDC_WANT_MATH_SPEC_FUNCS__ 1
| #define _TANDEM_SOURCE 1
| #define __EXTENSIONS__ 1
| #define HAVE_PTHREAD_PRIO_INHERIT 1
| #define MYTHREAD_POSIX 1
| #define HAVE_CLOCK_GETTIME 1
| #define HAVE_PTHREAD_CONDATTR_SETCLOCK 1
| #define HAVE_CLOCK_MONOTONIC 1
| #define HAVE_DLFCN_H 1
| #define LT_OBJDIR ".libs/"
| #define ENABLE_NLS 1
| #define HAVE_GETTEXT 1
| #define HAVE_DCGETTEXT 1
| #define HAVE_FCNTL_H 1
| #define HAVE_LIMITS_H 1
| #define HAVE_SYS_TIME_H 1
| #define HAVE_IMMINTRIN_H 1
| #define HAVE_CPUID_H 1
| #define HAVE__BOOL 1
| #define HAVE_UINTPTR_T 1
| #define SIZEOF_SIZE_T 8
| #define HAVE_STRUCT_STAT_ST_ATIM_TV_NSEC 1
| #define HAVE_FUNC_ATTRIBUTE_CONSTRUCTOR 1
| #define HAVE_GETOPT_H 1
| #define HAVE_GETOPT_LONG 1
| #define HAVE_FUTIMENS 1
| #define HAVE_POSIX_FADVISE 1
| #define HAVE_PROGRAM_INVOCATION_NAME 1
| #define HAVE___BUILTIN_BSWAPXX 1
| #define TUKLIB_FAST_UNALIGNED_ACCESS 1
| #define HAVE___BUILTIN_ASSUME_ALIGNED 1
| #define HAVE_SYS_PARAM_H 1
| #define TUKLIB_PHYSMEM_SYSCONF 1
| #define HAVE_SYS_PARAM_H 1
| #define TUKLIB_CPUCORES_SCHED_GETAFFINITY 1
| #define HAVE_MBRTOWC 1
| #define HAVE_WCWIDTH 1
| #define HAVE__MM_MOVEMASK_EPI8 1
| #define HAVE_USABLE_CLMUL 1
| #define HAVE_VISIBILITY 1
| /* end confdefs.h.  */
| void foo(void); void foo(void) { }
configure:21897: result: no
configure:21880: checking if gcc accepts -Wduplicate-enum
configure:21888: gcc -c -g -O2 -Wduplicate-enum -Werror  conftest.c >&5
gcc: error: unrecognized command-line option '-Wduplicate-enum'; did you mean '-Wduplicated-cond'?
configure:21888: $? = 1
configure: failed program was:
| /* confdefs.h */
| #define PACKAGE_NAME "XZ Utils"
| #define PACKAGE_TARNAME "xz"
| #define PACKAGE_VERSION "5.4.2"
| #define PACKAGE_STRING "XZ Utils 5.4.2"
| #define PACKAGE_BUGREPORT "xz@tukaani.org"
| #define PACKAGE_URL "https://tukaani.org/xz/"
| #define NDEBUG 1
| #define HAVE_ENCODER_LZMA1 1
| #define HAVE_ENCODER_LZMA2 1
| #define HAVE_ENCODER_DELTA 1
| #define HAVE_ENCODER_X86 1
| #define HAVE_ENCODER_POWERPC 1
| #define HAVE_ENCODER_IA64 1
| #define HAVE_ENCODER_ARM 1
| #define HAVE_ENCODER_ARMTHUMB 1
| #define HAVE_ENCODER_ARM64 1
| #define HAVE_ENCODER_SPARC 1
| #define HAVE_ENCODERS 1
| #define HAVE_DECODER_LZMA1 1
| #define HAVE_DECODER_LZMA2 1
| #define HAVE_DECODER_DELTA 1
| #define HAVE_DECODER_X86 1
| #define HAVE_DECODER_POWERPC 1
| #define HAVE_DECODER_IA64 1
| #define HAVE_DECODER_ARM 1
| #define HAVE_DECODER_ARMTHUMB 1
| #define HAVE_DECODER_ARM64 1
| #define HAVE_DECODER_SPARC 1
| #define HAVE_DECODERS 1
| #define HAVE_MF_HC3 1
| #define HAVE_MF_HC4 1
| #define HAVE_MF_BT2 1
| #define HAVE_MF_BT3 1
| #define HAVE_MF_BT4 1
| #define HAVE_CHECK_CRC32 1
| #define HAVE_CHECK_CRC64 1
| #define HAVE_CHECK_SHA256 1
| #define HAVE_LZIP_DECODER 1
| #define ASSUME_RAM 128
| #define PACKAGE "xz"
| #define VERSION "5.4.2"
| #define HAVE_STDIO_H 1
| #define HAVE_STDLIB_H 1
| #define HAVE_STRING_H 1
| #define HAVE_INTTYPES_H 1
| #define HAVE_STDINT_H 1
| #define HAVE_STRINGS_H 1
| #define HAVE_SYS_STAT_H 1
| #define HAVE_SYS_TYPES_H 1
| #define HAVE_UNISTD_H 1
| #define HAVE_WCHAR_H 1
| #define STDC_HEADERS 1
| #define _ALL_SOURCE 1
| #define _DARWIN_C_SOURCE 1
| #define _GNU_SOURCE 1
| #define _HPUX_ALT_XOPEN_SOCKET_API 1
| #define _NETBSD_SOURCE 1
| #define _OPENBSD_SOURCE 1
| #define _POSIX_PTHREAD_SEMANTICS 1
| #define __STDC_WANT_IEC_60559_ATTRIBS_EXT__ 1
| #define __STDC_WANT_IEC_60559_BFP_EXT__ 1
| #define __STDC_WANT_IEC_60559_DFP_EXT__ 1
| #define __STDC_WANT_IEC_60559_FUNCS_EXT__ 1
| #define __STDC_WANT_IEC_60559_TYPES_EXT__ 1
| #define __STDC_WANT_LIB_EXT2__ 1
| #define __STDC_WANT_MATH_SPEC_FUNCS__ 1
| #define _TANDEM_SOURCE 1
| #define __EXTENSIONS__ 1
| #define HAVE_PTHREAD_PRIO_INHERIT 1
| #define MYTHREAD_POSIX 1
| #define HAVE_CLOCK_GETTIME 1
| #define HAVE_PTHREAD_CONDATTR_SETCLOCK 1
| #define HAVE_CLOCK_MONOTONIC 1
| #define HAVE_DLFCN_H 1
| #define LT_OBJDIR ".libs/"
| #define ENABLE_NLS 1
| #define HAVE_GETTEXT 1
| #define HAVE_DCGETTEXT 1
| #define HAVE_FCNTL_H 1
| #define HAVE_LIMITS_H 1
| #define HAVE_SYS_TIME_H 1
| #define HAVE_IMMINTRIN_H 1
| #define HAVE_CPUID_H 1
| #define HAVE__BOOL 1
| #define HAVE_UINTPTR_T 1
| #define SIZEOF_SIZE_T 8
| #define HAVE_STRUCT_STAT_ST_ATIM_TV_NSEC 1
| #define HAVE_FUNC_ATTRIBUTE_CONSTRUCTOR 1
| #define HAVE_GETOPT_H 1
| #define HAVE_GETOPT_LONG 1
| #define HAVE_FUTIMENS 1
| #define HAVE_POSIX_FADVISE 1
| #define HAVE_PROGRAM_INVOCATION_NAME 1
| #define HAVE___BUILTIN_BSWAPXX 1
| #define TUKLIB_FAST_UNALIGNED_ACCESS 1
| #define HAVE___BUILTIN_ASSUME_ALIGNED 1
| #define HAVE_SYS_PARAM_H 1
| #define TUKLIB_PHYSMEM_SYSCONF 1
| #define HAVE_SYS_PARAM_H 1
| #define TUKLIB_CPUCORES_SCHED_GETAFFINITY 1
| #define HAVE_MBRTOWC 1
| #define HAVE_WCWIDTH 1
| #define HAVE__MM_MOVEMASK_EPI8 1
| #define HAVE_USABLE_CLMUL 1
| #define HAVE_VISIBILITY 1
| /* end confdefs.h.  */
| void foo(void); void foo(void) { }
configure:21897: result: no
configure:21880: checking if gcc accepts -Wempty-translation-unit
configure:21888: gcc -c -g -O2 -Wempty-translation-unit -Werror  conftest.c >&5
gcc: error: unrecognized command-line option '-Wempty-translation-unit'
configure:21888: $? = 1
configure: failed program was:
| /* confdefs.h */
| #define PACKAGE_NAME "XZ Utils"
| #define PACKAGE_TARNAME "xz"
| #define PACKAGE_VERSION "5.4.2"
| #define PACKAGE_STRING "XZ Utils 5.4.2"
| #define PACKAGE_BUGREPORT "xz@tukaani.org"
| #define PACKAGE_URL "https://tukaani.org/xz/"
| #define NDEBUG 1
| #define HAVE_ENCODER_LZMA1 1
| #define HAVE_ENCODER_LZMA2 1
| #define HAVE_ENCODER_DELTA 1
| #define HAVE_ENCODER_X86 1
| #define HAVE_ENCODER_POWERPC 1
| #define HAVE_ENCODER_IA64 1
| #define HAVE_ENCODER_ARM 1
| #define HAVE_ENCODER_ARMTHUMB 1
| #define HAVE_ENCODER_ARM64 1
| #define HAVE_ENCODER_SPARC 1
| #define HAVE_ENCODERS 1
| #define HAVE_DECODER_LZMA1 1
| #define HAVE_DECODER_LZMA2 1
| #define HAVE_DECODER_DELTA 1
| #define HAVE_DECODER_X86 1
| #define HAVE_DECODER_POWERPC 1
| #define HAVE_DECODER_IA64 1
| #define HAVE_DECODER_ARM 1
| #define HAVE_DECODER_ARMTHUMB 1
| #define HAVE_DECODER_ARM64 1
| #define HAVE_DECODER_SPARC 1
| #define HAVE_DECODERS 1
| #define HAVE_MF_HC3 1
| #define HAVE_MF_HC4 1
| #define HAVE_MF_BT2 1
| #define HAVE_MF_BT3 1
| #define HAVE_MF_BT4 1
| #define HAVE_CHECK_CRC32 1
| #define HAVE_CHECK_CRC64 1
| #define HAVE_CHECK_SHA256 1
| #define HAVE_LZIP_DECODER 1
| #define ASSUME_RAM 128
| #define PACKAGE "xz"
| #define VERSION "5.4.2"
| #define HAVE_STDIO_H 1
| #define HAVE_STDLIB_H 1
| #define HAVE_STRING_H 1
| #define HAVE_INTTYPES_H 1
| #define HAVE_STDINT_H 1
| #define HAVE_STRINGS_H 1
| #define HAVE_SYS_STAT_H 1
| #define HAVE_SYS_TYPES_H 1
| #define HAVE_UNISTD_H 1
| #define HAVE_WCHAR_H 1
| #define STDC_HEADERS 1
| #define _ALL_SOURCE 1
| #define _DARWIN_C_SOURCE 1
| #define _GNU_SOURCE 1
| #define _HPUX_ALT_XOPEN_SOCKET_API 1
| #define _NETBSD_SOURCE 1
| #define _OPENBSD_SOURCE 1
| #define _POSIX_PTHREAD_SEMANTICS 1
| #define __STDC_WANT_IEC_60559_ATTRIBS_EXT__ 1
| #define __STDC_WANT_IEC_60559_BFP_EXT__ 1
| #define __STDC_WANT_IEC_60559_DFP_EXT__ 1
| #define __STDC_WANT_IEC_60559_FUNCS_EXT__ 1
| #define __STDC_WANT_IEC_60559_TYPES_EXT__ 1
| #define __STDC_WANT_LIB_EXT2__ 1
| #define __STDC_WANT_MATH_SPEC_FUNCS__ 1
| #define _TANDEM_SOURCE 1
| #define __EXTENSIONS__ 1
| #define HAVE_PTHREAD_PRIO_INHERIT 1
| #define MYTHREAD_POSIX 1
| #define HAVE_CLOCK_GETTIME 1
| #define HAVE_PTHREAD_CONDATTR_SETCLOCK 1
| #define HAVE_CLOCK_MONOTONIC 1
| #define HAVE_DLFCN_H 1
| #define LT_OBJDIR ".libs/"
| #define ENABLE_NLS 1
| #define HAVE_GETTEXT 1
| #define HAVE_DCGETTEXT 1
| #define HAVE_FCNTL_H 1
| #define HAVE_LIMITS_H 1
| #define HAVE_SYS_TIME_H 1
| #define HAVE_IMMINTRIN_H 1
| #define HAVE_CPUID_H 1
| #define HAVE__BOOL 1
| #define HAVE_UINTPTR_T 1
| #define SIZEOF_SIZE_T 8
| #define HAVE_STRUCT_STAT_ST_ATIM_TV_NSEC 1
| #define HAVE_FUNC_ATTRIBUTE_CONSTRUCTOR 1
| #define HAVE_GETOPT_H 1
| #define HAVE_GETOPT_LONG 1
| #define HAVE_FUTIMENS 1
| #define HAVE_POSIX_FADVISE 1
| #define HAVE_PROGRAM_INVOCATION_NAME 1
| #define HAVE___BUILTIN_BSWAPXX 1
| #define TUKLIB_FAST_UNALIGNED_ACCESS 1
| #define HAVE___BUILTIN_ASSUME_ALIGNED 1
| #define HAVE_SYS_PARAM_H 1
| #define TUKLIB_PHYSMEM_SYSCONF 1
| #define HAVE_SYS_PARAM_H 1
| #define TUKLIB_CPUCORES_SCHED_GETAFFINITY 1
| #define HAVE_MBRTOWC 1
| #define HAVE_WCWIDTH 1
| #define HAVE__MM_MOVEMASK_EPI8 1
| #define HAVE_USABLE_CLMUL 1
| #define HAVE_VISIBILITY 1
| /* end confdefs.h.  */
| void foo(void); void foo(void) { }
configure:21897: result: no
configure:21880: checking if gcc accepts -Wflexible-array-extensions
configure:21888: gcc -c -g -O2 -Wflexible-array-extensions -Werror  conftest.c >&5
gcc: error: unrecognized command-line option '-Wflexible-array-extensions'
configure:21888: $? = 1
configure: failed program was:
| /* confdefs.h */
| #define PACKAGE_NAME "XZ Utils"
| #define PACKAGE_TARNAME "xz"
| #define PACKAGE_VERSION "5.4.2"
| #define PACKAGE_STRING "XZ Utils 5.4.2"
| #define PACKAGE_BUGREPORT "xz@tukaani.org"
| #define PACKAGE_URL "https://tukaani.org/xz/"
| #define NDEBUG 1
| #define HAVE_ENCODER_LZMA1 1
| #define HAVE_ENCODER_LZMA2 1
| #define HAVE_ENCODER_DELTA 1
| #define HAVE_ENCODER_X86 1
| #define HAVE_ENCODER_POWERPC 1
| #define HAVE_ENCODER_IA64 1
| #define HAVE_ENCODER_ARM 1
| #define HAVE_ENCODER_ARMTHUMB 1
| #define HAVE_ENCODER_ARM64 1
| #define HAVE_ENCODER_SPARC 1
| #define HAVE_ENCODERS 1
| #define HAVE_DECODER_LZMA1 1
| #define HAVE_DECODER_LZMA2 1
| #define HAVE_DECODER_DELTA 1
| #define HAVE_DECODER_X86 1
| #define HAVE_DECODER_POWERPC 1
| #define HAVE_DECODER_IA64 1
| #define HAVE_DECODER_ARM 1
| #define HAVE_DECODER_ARMTHUMB 1
| #define HAVE_DECODER_ARM64 1
| #define HAVE_DECODER_SPARC 1
| #define HAVE_DECODERS 1
| #define HAVE_MF_HC3 1
| #define HAVE_MF_HC4 1
| #define HAVE_MF_BT2 1
| #define HAVE_MF_BT3 1
| #define HAVE_MF_BT4 1
| #define HAVE_CHECK_CRC32 1
| #define HAVE_CHECK_CRC64 1
| #define HAVE_CHECK_SHA256 1
| #define HAVE_LZIP_DECODER 1
| #define ASSUME_RAM 128
| #define PACKAGE "xz"
| #define VERSION "5.4.2"
| #define HAVE_STDIO_H 1
| #define HAVE_STDLIB_H 1
| #define HAVE_STRING_H 1
| #define HAVE_INTTYPES_H 1
| #define HAVE_STDINT_H 1
| #define HAVE_STRINGS_H 1
| #define HAVE_SYS_STAT_H 1
| #define HAVE_SYS_TYPES_H 1
| #define HAVE_UNISTD_H 1
| #define HAVE_WCHAR_H 1
| #define STDC_HEADERS 1
| #define _ALL_SOURCE 1
| #define _DARWIN_C_SOURCE 1
| #define _GNU_SOURCE 1
| #define _HPUX_ALT_XOPEN_SOCKET_API 1
| #define _NETBSD_SOURCE 1
| #define _OPENBSD_SOURCE 1
| #define _POSIX_PTHREAD_SEMANTICS 1
| #define __STDC_WANT_IEC_60559_ATTRIBS_EXT__ 1
| #define __STDC_WANT_IEC_60559_BFP_EXT__ 1
| #define __STDC_WANT_IEC_60559_DFP_EXT__ 1
| #define __STDC_WANT_IEC_60559_FUNCS_EXT__ 1
| #define __STDC_WANT_IEC_60559_TYPES_EXT__ 1
| #define __STDC_WANT_LIB_EXT2__ 1
| #define __STDC_WANT_MATH_SPEC_FUNCS__ 1
| #define _TANDEM_SOURCE 1
| #define __EXTENSIONS__ 1
| #define HAVE_PTHREAD_PRIO_INHERIT 1
| #define MYTHREAD_POSIX 1
| #define HAVE_CLOCK_GETTIME 1
| #define HAVE_PTHREAD_CONDATTR_SETCLOCK 1
| #define HAVE_CLOCK_MONOTONIC 1
| #define HAVE_DLFCN_H 1
| #define LT_OBJDIR ".libs/"
| #define ENABLE_NLS 1
| #define HAVE_GETTEXT 1
| #define HAVE_DCGETTEXT 1
| #define HAVE_FCNTL_H 1
| #define HAVE_LIMITS_H 1
| #define HAVE_SYS_TIME_H 1
| #define HAVE_IMMINTRIN_H 1
| #define HAVE_CPUID_H 1
| #define HAVE__BOOL 1
| #define HAVE_UINTPTR_T 1
| #define SIZEOF_SIZE_T 8
| #define HAVE_STRUCT_STAT_ST_ATIM_TV_NSEC 1
| #define HAVE_FUNC_ATTRIBUTE_CONSTRUCTOR 1
| #define HAVE_GETOPT_H 1
| #define HAVE_GETOPT_LONG 1
| #define HAVE_FUTIMENS 1
| #define HAVE_POSIX_FADVISE 1
| #define HAVE_PROGRAM_INVOCATION_NAME 1
| #define HAVE___BUILTIN_BSWAPXX 1
| #define TUKLIB_FAST_UNALIGNED_ACCESS 1
| #define HAVE___BUILTIN_ASSUME_ALIGNED 1
| #define HAVE_SYS_PARAM_H 1
| #define TUKLIB_PHYSMEM_SYSCONF 1
| #define HAVE_SYS_PARAM_H 1
| #define TUKLIB_CPUCORES_SCHED_GETAFFINITY 1
| #define HAVE_MBRTOWC 1
| #define HAVE_WCWIDTH 1
| #define HAVE__MM_MOVEMASK_EPI8 1
| #define HAVE_USABLE_CLMUL 1
| #define HAVE_VISIBILITY 1
| /* end confdefs.h.  */
| void foo(void); void foo(void) { }
configure:21897: result: no
configure:21880: checking if gcc accepts -Wmissing-variable-declarations
configure:21888: gcc -c -g -O2 -Wmissing-variable-declarations -Werror  conftest.c >&5
configure:21888: $? = 0
configure:21892: result: yes
configure:21880: checking if gcc accepts -Wnewline-eof
configure:21888: gcc -c -g -O2 -Wnewline-eof -Werror  conftest.c >&5
gcc: error: unrecognized command-line option '-Wnewline-eof'
configure:21888: $? = 1
configure: failed program was:
| /* confdefs.h */
| #define PACKAGE_NAME "XZ Utils"
| #define PACKAGE_TARNAME "xz"
| #define PACKAGE_VERSION "5.4.2"
| #define PACKAGE_STRING "XZ Utils 5.4.2"
| #define PACKAGE_BUGREPORT "xz@tukaani.org"
| #define PACKAGE_URL "https://tukaani.org/xz/"
| #define NDEBUG 1
| #define HAVE_ENCODER_LZMA1 1
| #define HAVE_ENCODER_LZMA2 1
| #define HAVE_ENCODER_DELTA 1
| #define HAVE_ENCODER_X86 1
| #define HAVE_ENCODER_POWERPC 1
| #define HAVE_ENCODER_IA64 1
| #define HAVE_ENCODER_ARM 1
| #define HAVE_ENCODER_ARMTHUMB 1
| #define HAVE_ENCODER_ARM64 1
| #define HAVE_ENCODER_SPARC 1
| #define HAVE_ENCODERS 1
| #define HAVE_DECODER_LZMA1 1
| #define HAVE_DECODER_LZMA2 1
| #define HAVE_DECODER_DELTA 1
| #define HAVE_DECODER_X86 1
| #define HAVE_DECODER_POWERPC 1
| #define HAVE_DECODER_IA64 1
| #define HAVE_DECODER_ARM 1
| #define HAVE_DECODER_ARMTHUMB 1
| #define HAVE_DECODER_ARM64 1
| #define HAVE_DECODER_SPARC 1
| #define HAVE_DECODERS 1
| #define HAVE_MF_HC3 1
| #define HAVE_MF_HC4 1
| #define HAVE_MF_BT2 1
| #define HAVE_MF_BT3 1
| #define HAVE_MF_BT4 1
| #define HAVE_CHECK_CRC32 1
| #define HAVE_CHECK_CRC64 1
| #define HAVE_CHECK_SHA256 1
| #define HAVE_LZIP_DECODER 1
| #define ASSUME_RAM 128
| #define PACKAGE "xz"
| #define VERSION "5.4.2"
| #define HAVE_STDIO_H 1
| #define HAVE_STDLIB_H 1
| #define HAVE_STRING_H 1
| #define HAVE_INTTYPES_H 1
| #define HAVE_STDINT_H 1
| #define HAVE_STRINGS_H 1
| #define HAVE_SYS_STAT_H 1
| #define HAVE_SYS_TYPES_H 1
| #define HAVE_UNISTD_H 1
| #define HAVE_WCHAR_H 1
| #define STDC_HEADERS 1
| #define _ALL_SOURCE 1
| #define _DARWIN_C_SOURCE 1
| #define _GNU_SOURCE 1
| #define _HPUX_ALT_XOPEN_SOCKET_API 1
| #define _NETBSD_SOURCE 1
| #define _OPENBSD_SOURCE 1
| #define _POSIX_PTHREAD_SEMANTICS 1
| #define __STDC_WANT_IEC_60559_ATTRIBS_EXT__ 1
| #define __STDC_WANT_IEC_60559_BFP_EXT__ 1
| #define __STDC_WANT_IEC_60559_DFP_EXT__ 1
| #define __STDC_WANT_IEC_60559_FUNCS_EXT__ 1
| #define __STDC_WANT_IEC_60559_TYPES_EXT__ 1
| #define __STDC_WANT_LIB_EXT2__ 1
| #define __STDC_WANT_MATH_SPEC_FUNCS__ 1
| #define _TANDEM_SOURCE 1
| #define __EXTENSIONS__ 1
| #define HAVE_PTHREAD_PRIO_INHERIT 1
| #define MYTHREAD_POSIX 1
| #define HAVE_CLOCK_GETTIME 1
| #define HAVE_PTHREAD_CONDATTR_SETCLOCK 1
| #define HAVE_CLOCK_MONOTONIC 1
| #define HAVE_DLFCN_H 1
| #define LT_OBJDIR ".libs/"
| #define ENABLE_NLS 1
| #define HAVE_GETTEXT 1
| #define HAVE_DCGETTEXT 1
| #define HAVE_FCNTL_H 1
| #define HAVE_LIMITS_H 1
| #define HAVE_SYS_TIME_H 1
| #define HAVE_IMMINTRIN_H 1
| #define HAVE_CPUID_H 1
| #define HAVE__BOOL 1
| #define HAVE_UINTPTR_T 1
| #define SIZEOF_SIZE_T 8
| #define HAVE_STRUCT_STAT_ST_ATIM_TV_NSEC 1
| #define HAVE_FUNC_ATTRIBUTE_CONSTRUCTOR 1
| #define HAVE_GETOPT_H 1
| #define HAVE_GETOPT_LONG 1
| #define HAVE_FUTIMENS 1
| #define HAVE_POSIX_FADVISE 1
| #define HAVE_PROGRAM_INVOCATION_NAME 1
| #define HAVE___BUILTIN_BSWAPXX 1
| #define TUKLIB_FAST_UNALIGNED_ACCESS 1
| #define HAVE___BUILTIN_ASSUME_ALIGNED 1
| #define HAVE_SYS_PARAM_H 1
| #define TUKLIB_PHYSMEM_SYSCONF 1
| #define HAVE_SYS_PARAM_H 1
| #define TUKLIB_CPUCORES_SCHED_GETAFFINITY 1
| #define HAVE_MBRTOWC 1
| #define HAVE_WCWIDTH 1
| #define HAVE__MM_MOVEMASK_EPI8 1
| #define HAVE_USABLE_CLMUL 1
| #define HAVE_VISIBILITY 1
| /* end confdefs.h.  */
| void foo(void); void foo(void) { }
configure:21897: result: no
configure:21880: checking if gcc accepts -Wshift-sign-overflow
configure:21888: gcc -c -g -O2 -Wshift-sign-overflow -Werror  conftest.c >&5
gcc: error: unrecognized command-line option '-Wshift-sign-overflow'; did you mean '-Wshift-count-overflow'?
configure:21888: $? = 1
configure: failed program was:
| /* confdefs.h */
| #define PACKAGE_NAME "XZ Utils"
| #define PACKAGE_TARNAME "xz"
| #define PACKAGE_VERSION "5.4.2"
| #define PACKAGE_STRING "XZ Utils 5.4.2"
| #define PACKAGE_BUGREPORT "xz@tukaani.org"
| #define PACKAGE_URL "https://tukaani.org/xz/"
| #define NDEBUG 1
| #define HAVE_ENCODER_LZMA1 1
| #define HAVE_ENCODER_LZMA2 1
| #define HAVE_ENCODER_DELTA 1
| #define HAVE_ENCODER_X86 1
| #define HAVE_ENCODER_POWERPC 1
| #define HAVE_ENCODER_IA64 1
| #define HAVE_ENCODER_ARM 1
| #define HAVE_ENCODER_ARMTHUMB 1
| #define HAVE_ENCODER_ARM64 1
| #define HAVE_ENCODER_SPARC 1
| #define HAVE_ENCODERS 1
| #define HAVE_DECODER_LZMA1 1
| #define HAVE_DECODER_LZMA2 1
| #define HAVE_DECODER_DELTA 1
| #define HAVE_DECODER_X86 1
| #define HAVE_DECODER_POWERPC 1
| #define HAVE_DECODER_IA64 1
| #define HAVE_DECODER_ARM 1
| #define HAVE_DECODER_ARMTHUMB 1
| #define HAVE_DECODER_ARM64 1
| #define HAVE_DECODER_SPARC 1
| #define HAVE_DECODERS 1
| #define HAVE_MF_HC3 1
| #define HAVE_MF_HC4 1
| #define HAVE_MF_BT2 1
| #define HAVE_MF_BT3 1
| #define HAVE_MF_BT4 1
| #define HAVE_CHECK_CRC32 1
| #define HAVE_CHECK_CRC64 1
| #define HAVE_CHECK_SHA256 1
| #define HAVE_LZIP_DECODER 1
| #define ASSUME_RAM 128
| #define PACKAGE "xz"
| #define VERSION "5.4.2"
| #define HAVE_STDIO_H 1
| #define HAVE_STDLIB_H 1
| #define HAVE_STRING_H 1
| #define HAVE_INTTYPES_H 1
| #define HAVE_STDINT_H 1
| #define HAVE_STRINGS_H 1
| #define HAVE_SYS_STAT_H 1
| #define HAVE_SYS_TYPES_H 1
| #define HAVE_UNISTD_H 1
| #define HAVE_WCHAR_H 1
| #define STDC_HEADERS 1
| #define _ALL_SOURCE 1
| #define _DARWIN_C_SOURCE 1
| #define _GNU_SOURCE 1
| #define _HPUX_ALT_XOPEN_SOCKET_API 1
| #define _NETBSD_SOURCE 1
| #define _OPENBSD_SOURCE 1
| #define _POSIX_PTHREAD_SEMANTICS 1
| #define __STDC_WANT_IEC_60559_ATTRIBS_EXT__ 1
| #define __STDC_WANT_IEC_60559_BFP_EXT__ 1
| #define __STDC_WANT_IEC_60559_DFP_EXT__ 1
| #define __STDC_WANT_IEC_60559_FUNCS_EXT__ 1
| #define __STDC_WANT_IEC_60559_TYPES_EXT__ 1
| #define __STDC_WANT_LIB_EXT2__ 1
| #define __STDC_WANT_MATH_SPEC_FUNCS__ 1
| #define _TANDEM_SOURCE 1
| #define __EXTENSIONS__ 1
| #define HAVE_PTHREAD_PRIO_INHERIT 1
| #define MYTHREAD_POSIX 1
| #define HAVE_CLOCK_GETTIME 1
| #define HAVE_PTHREAD_CONDATTR_SETCLOCK 1
| #define HAVE_CLOCK_MONOTONIC 1
| #define HAVE_DLFCN_H 1
| #define LT_OBJDIR ".libs/"
| #define ENABLE_NLS 1
| #define HAVE_GETTEXT 1
| #define HAVE_DCGETTEXT 1
| #define HAVE_FCNTL_H 1
| #define HAVE_LIMITS_H 1
| #define HAVE_SYS_TIME_H 1
| #define HAVE_IMMINTRIN_H 1
| #define HAVE_CPUID_H 1
| #define HAVE__BOOL 1
| #define HAVE_UINTPTR_T 1
| #define SIZEOF_SIZE_T 8
| #define HAVE_STRUCT_STAT_ST_ATIM_TV_NSEC 1
| #define HAVE_FUNC_ATTRIBUTE_CONSTRUCTOR 1
| #define HAVE_GETOPT_H 1
| #define HAVE_GETOPT_LONG 1
| #define HAVE_FUTIMENS 1
| #define HAVE_POSIX_FADVISE 1
| #define HAVE_PROGRAM_INVOCATION_NAME 1
| #define HAVE___BUILTIN_BSWAPXX 1
| #define TUKLIB_FAST_UNALIGNED_ACCESS 1
| #define HAVE___BUILTIN_ASSUME_ALIGNED 1
| #define HAVE_SYS_PARAM_H 1
| #define TUKLIB_PHYSMEM_SYSCONF 1
| #define HAVE_SYS_PARAM_H 1
| #define TUKLIB_CPUCORES_SCHED_GETAFFINITY 1
| #define HAVE_MBRTOWC 1
| #define HAVE_WCWIDTH 1
| #define HAVE__MM_MOVEMASK_EPI8 1
| #define HAVE_USABLE_CLMUL 1
| #define HAVE_VISIBILITY 1
| /* end confdefs.h.  */
| void foo(void); void foo(void) { }
configure:21897: result: no
configure:21880: checking if gcc accepts -Wstring-conversion
configure:21888: gcc -c -g -O2 -Wstring-conversion -Werror  conftest.c >&5
gcc: error: unrecognized command-line option '-Wstring-conversion'; did you mean '-Wsign-conversion'?
configure:21888: $? = 1
configure: failed program was:
| /* confdefs.h */
| #define PACKAGE_NAME "XZ Utils"
| #define PACKAGE_TARNAME "xz"
| #define PACKAGE_VERSION "5.4.2"
| #define PACKAGE_STRING "XZ Utils 5.4.2"
| #define PACKAGE_BUGREPORT "xz@tukaani.org"
| #define PACKAGE_URL "https://tukaani.org/xz/"
| #define NDEBUG 1
| #define HAVE_ENCODER_LZMA1 1
| #define HAVE_ENCODER_LZMA2 1
| #define HAVE_ENCODER_DELTA 1
| #define HAVE_ENCODER_X86 1
| #define HAVE_ENCODER_POWERPC 1
| #define HAVE_ENCODER_IA64 1
| #define HAVE_ENCODER_ARM 1
| #define HAVE_ENCODER_ARMTHUMB 1
| #define HAVE_ENCODER_ARM64 1
| #define HAVE_ENCODER_SPARC 1
| #define HAVE_ENCODERS 1
| #define HAVE_DECODER_LZMA1 1
| #define HAVE_DECODER_LZMA2 1
| #define HAVE_DECODER_DELTA 1
| #define HAVE_DECODER_X86 1
| #define HAVE_DECODER_POWERPC 1
| #define HAVE_DECODER_IA64 1
| #define HAVE_DECODER_ARM 1
| #define HAVE_DECODER_ARMTHUMB 1
| #define HAVE_DECODER_ARM64 1
| #define HAVE_DECODER_SPARC 1
| #define HAVE_DECODERS 1
| #define HAVE_MF_HC3 1
| #define HAVE_MF_HC4 1
| #define HAVE_MF_BT2 1
| #define HAVE_MF_BT3 1
| #define HAVE_MF_BT4 1
| #define HAVE_CHECK_CRC32 1
| #define HAVE_CHECK_CRC64 1
| #define HAVE_CHECK_SHA256 1
| #define HAVE_LZIP_DECODER 1
| #define ASSUME_RAM 128
| #define PACKAGE "xz"
| #define VERSION "5.4.2"
| #define HAVE_STDIO_H 1
| #define HAVE_STDLIB_H 1
| #define HAVE_STRING_H 1
| #define HAVE_INTTYPES_H 1
| #define HAVE_STDINT_H 1
| #define HAVE_STRINGS_H 1
| #define HAVE_SYS_STAT_H 1
| #define HAVE_SYS_TYPES_H 1
| #define HAVE_UNISTD_H 1
| #define HAVE_WCHAR_H 1
| #define STDC_HEADERS 1
| #define _ALL_SOURCE 1
| #define _DARWIN_C_SOURCE 1
| #define _GNU_SOURCE 1
| #define _HPUX_ALT_XOPEN_SOCKET_API 1
| #define _NETBSD_SOURCE 1
| #define _OPENBSD_SOURCE 1
| #define _POSIX_PTHREAD_SEMANTICS 1
| #define __STDC_WANT_IEC_60559_ATTRIBS_EXT__ 1
| #define __STDC_WANT_IEC_60559_BFP_EXT__ 1
| #define __STDC_WANT_IEC_60559_DFP_EXT__ 1
| #define __STDC_WANT_IEC_60559_FUNCS_EXT__ 1
| #define __STDC_WANT_IEC_60559_TYPES_EXT__ 1
| #define __STDC_WANT_LIB_EXT2__ 1
| #define __STDC_WANT_MATH_SPEC_FUNCS__ 1
| #define _TANDEM_SOURCE 1
| #define __EXTENSIONS__ 1
| #define HAVE_PTHREAD_PRIO_INHERIT 1
| #define MYTHREAD_POSIX 1
| #define HAVE_CLOCK_GETTIME 1
| #define HAVE_PTHREAD_CONDATTR_SETCLOCK 1
| #define HAVE_CLOCK_MONOTONIC 1
| #define HAVE_DLFCN_H 1
| #define LT_OBJDIR ".libs/"
| #define ENABLE_NLS 1
| #define HAVE_GETTEXT 1
| #define HAVE_DCGETTEXT 1
| #define HAVE_FCNTL_H 1
| #define HAVE_LIMITS_H 1
| #define HAVE_SYS_TIME_H 1
| #define HAVE_IMMINTRIN_H 1
| #define HAVE_CPUID_H 1
| #define HAVE__BOOL 1
| #define HAVE_UINTPTR_T 1
| #define SIZEOF_SIZE_T 8
| #define HAVE_STRUCT_STAT_ST_ATIM_TV_NSEC 1
| #define HAVE_FUNC_ATTRIBUTE_CONSTRUCTOR 1
| #define HAVE_GETOPT_H 1
| #define HAVE_GETOPT_LONG 1
| #define HAVE_FUTIMENS 1
| #define HAVE_POSIX_FADVISE 1
| #define HAVE_PROGRAM_INVOCATION_NAME 1
| #define HAVE___BUILTIN_BSWAPXX 1
| #define TUKLIB_FAST_UNALIGNED_ACCESS 1
| #define HAVE___BUILTIN_ASSUME_ALIGNED 1
| #define HAVE_SYS_PARAM_H 1
| #define TUKLIB_PHYSMEM_SYSCONF 1
| #define HAVE_SYS_PARAM_H 1
| #define TUKLIB_CPUCORES_SCHED_GETAFFINITY 1
| #define HAVE_MBRTOWC 1
| #define HAVE_WCWIDTH 1
| #define HAVE__MM_MOVEMASK_EPI8 1
| #define HAVE_USABLE_CLMUL 1
| #define HAVE_VISIBILITY 1
| /* end confdefs.h.  */
| void foo(void); void foo(void) { }
configure:21897: result: no
configure:22275: checking that generated files are newer than configure
configure:22281: result: done
configure:22333: creating ./config.status

## ---------------------- ##
## Running config.status. ##
## ---------------------- ##

This file was extended by XZ Utils config.status 5.4.2, which was
generated by GNU Autoconf 2.71.  Invocation command line was

  CONFIG_FILES    = 
  CONFIG_HEADERS  = 
  CONFIG_LINKS    = 
  CONFIG_COMMANDS = 
  $ ./config.status 

on erimos

config.status:1396: creating Makefile
config.status:1396: creating po/Makefile.in
config.status:1396: creating lib/Makefile
config.status:1396: creating src/Makefile
config.status:1396: creating src/liblzma/Makefile
config.status:1396: creating src/liblzma/api/Makefile
config.status:1396: creating src/xz/Makefile
config.status:1396: creating src/xzdec/Makefile
config.status:1396: creating src/lzmainfo/Makefile
config.status:1396: creating src/scripts/Makefile
config.status:1396: creating tests/Makefile
config.status:1396: creating debug/Makefile
config.status:1396: creating src/scripts/xzdiff
config.status:1396: creating src/scripts/xzgrep
config.status:1396: creating src/scripts/xzmore
config.status:1396: creating src/scripts/xzless
config.status:1396: creating config.h
config.status:1610: executing depfiles commands
config.status:1685: cd lib       && sed -e '/# am--include-marker/d' Makefile         | make -f - am--depfiles
make[3]: Entering directory '/home/wanderer/Jobs/dsnote-qt6/build/external/xz/lib'
make[3]: Leaving directory '/home/wanderer/Jobs/dsnote-qt6/build/external/xz/lib'
config.status:1692: $? = 0
config.status:1685: cd src/liblzma       && sed -e '/# am--include-marker/d' Makefile         | make -f - am--depfiles
make[3]: Entering directory '/home/wanderer/Jobs/dsnote-qt6/build/external/xz/src/liblzma'
make[3]: Leaving directory '/home/wanderer/Jobs/dsnote-qt6/build/external/xz/src/liblzma'
config.status:1692: $? = 0
config.status:1685: cd src/xz       && sed -e '/# am--include-marker/d' Makefile         | make -f - am--depfiles
make[3]: Entering directory '/home/wanderer/Jobs/dsnote-qt6/build/external/xz/src/xz'
make[3]: Leaving directory '/home/wanderer/Jobs/dsnote-qt6/build/external/xz/src/xz'
config.status:1692: $? = 0
config.status:1685: cd src/xzdec       && sed -e '/# am--include-marker/d' Makefile         | make -f - am--depfiles
make[3]: Entering directory '/home/wanderer/Jobs/dsnote-qt6/build/external/xz/src/xzdec'
make[3]: Leaving directory '/home/wanderer/Jobs/dsnote-qt6/build/external/xz/src/xzdec'
config.status:1692: $? = 0
config.status:1685: cd src/lzmainfo       && sed -e '/# am--include-marker/d' Makefile         | make -f - am--depfiles
make[3]: Entering directory '/home/wanderer/Jobs/dsnote-qt6/build/external/xz/src/lzmainfo'
make[3]: Leaving directory '/home/wanderer/Jobs/dsnote-qt6/build/external/xz/src/lzmainfo'
config.status:1692: $? = 0
config.status:1685: cd tests       && sed -e '/# am--include-marker/d' Makefile         | make -f - am--depfiles
make[3]: Entering directory '/home/wanderer/Jobs/dsnote-qt6/build/external/xz/tests'
make[3]: Leaving directory '/home/wanderer/Jobs/dsnote-qt6/build/external/xz/tests'
config.status:1692: $? = 0
config.status:1685: cd debug       && sed -e '/# am--include-marker/d' Makefile         | make -f - am--depfiles
make[3]: Entering directory '/home/wanderer/Jobs/dsnote-qt6/build/external/xz/debug'
make[3]: Leaving directory '/home/wanderer/Jobs/dsnote-qt6/build/external/xz/debug'
config.status:1692: $? = 0
config.status:1610: executing libtool commands
config.status:1610: executing po-directories commands

## ---------------- ##
## Cache variables. ##
## ---------------- ##

ac_cv_build=x86_64-pc-linux-gnu
ac_cv_c_bigendian=no
ac_cv_c_compiler_gnu=yes
ac_cv_c_int32_t=yes
ac_cv_c_int64_t=yes
ac_cv_c_uint16_t=yes
ac_cv_c_uint32_t=yes
ac_cv_c_uint64_t=yes
ac_cv_c_uint8_t=yes
ac_cv_c_undeclared_builtin_options='none needed'
ac_cv_env_CCASFLAGS_set=
ac_cv_env_CCASFLAGS_value=
ac_cv_env_CCAS_set=
ac_cv_env_CCAS_value=
ac_cv_env_CC_set=
ac_cv_env_CC_value=
ac_cv_env_CFLAGS_set=
ac_cv_env_CFLAGS_value=
ac_cv_env_CPPFLAGS_set=
ac_cv_env_CPPFLAGS_value=
ac_cv_env_CPP_set=
ac_cv_env_CPP_value=
ac_cv_env_LDFLAGS_set=
ac_cv_env_LDFLAGS_value=
ac_cv_env_LIBS_set=
ac_cv_env_LIBS_value=
ac_cv_env_LT_SYS_LIBRARY_PATH_set=
ac_cv_env_LT_SYS_LIBRARY_PATH_value=
ac_cv_env_build_alias_set=
ac_cv_env_build_alias_value=
ac_cv_env_host_alias_set=
ac_cv_env_host_alias_value=
ac_cv_env_target_alias_set=
ac_cv_env_target_alias_value=
ac_cv_func_clock_gettime=yes
ac_cv_func_futimens=yes
ac_cv_func_getopt_long=yes
ac_cv_func_mbrtowc=yes
ac_cv_func_pledge=no
ac_cv_func_posix_fadvise=yes
ac_cv_func_pthread_condattr_setclock=yes
ac_cv_func_wcwidth=yes
ac_cv_have_decl_CLOCK_MONOTONIC=yes
ac_cv_have_decl__mm_movemask_epi8=yes
ac_cv_have_decl_cap_rights_limit=no
ac_cv_have_decl_optreset=no
ac_cv_have_decl_program_invocation_name=yes
ac_cv_header_cpuid_h=yes
ac_cv_header_dlfcn_h=yes
ac_cv_header_fcntl_h=yes
ac_cv_header_getopt_h=yes
ac_cv_header_immintrin_h=yes
ac_cv_header_inttypes_h=yes
ac_cv_header_limits_h=yes
ac_cv_header_minix_config_h=no
ac_cv_header_stdbool_h=no
ac_cv_header_stdint_h=yes
ac_cv_header_stdio_h=yes
ac_cv_header_stdlib_h=yes
ac_cv_header_string_h=yes
ac_cv_header_strings_h=yes
ac_cv_header_sys_capsicum_h=no
ac_cv_header_sys_param_h=yes
ac_cv_header_sys_stat_h=yes
ac_cv_header_sys_time_h=yes
ac_cv_header_sys_types_h=yes
ac_cv_header_unistd_h=yes
ac_cv_header_wchar_h=yes
ac_cv_host=x86_64-pc-linux-gnu
ac_cv_member_struct_stat_st_atim_st__tim_tv_nsec=no
ac_cv_member_struct_stat_st_atim_tv_nsec=yes
ac_cv_member_struct_stat_st_atimensec=no
ac_cv_member_struct_stat_st_atimespec_tv_nsec=no
ac_cv_member_struct_stat_st_uatime=no
ac_cv_objext=o
ac_cv_path_EGREP='/bin/grep -E'
ac_cv_path_FGREP='/bin/grep -F'
ac_cv_path_GMSGFMT=/usr/bin/gmsgfmt
ac_cv_path_GREP=/bin/grep
ac_cv_path_MSGFMT=/usr/bin/msgfmt
ac_cv_path_MSGMERGE=/usr/bin/msgmerge
ac_cv_path_SED=/bin/sed
ac_cv_path_XGETTEXT=/usr/bin/xgettext
ac_cv_path_install='/usr/bin/install -c'
ac_cv_path_lt_DD=/bin/dd
ac_cv_path_mkdir=/bin/mkdir
ac_cv_prog_AWK=gawk
ac_cv_prog_CPP='gcc -E'
ac_cv_prog_ac_ct_AR=ar
ac_cv_prog_ac_ct_CC=gcc
ac_cv_prog_ac_ct_FILECMD=file
ac_cv_prog_ac_ct_OBJDUMP=objdump
ac_cv_prog_ac_ct_RANLIB=ranlib
ac_cv_prog_ac_ct_STRIP=strip
ac_cv_prog_cc_c11=
ac_cv_prog_cc_g=yes
ac_cv_prog_cc_stdc=
ac_cv_prog_make_make_set=yes
ac_cv_safe_to_define___extensions__=yes
ac_cv_search_clock_gettime='none required'
ac_cv_should_define__xopen_source=no
ac_cv_sizeof_size_t=8
ac_cv_sys_file_offset_bits=no
ac_cv_sys_largefile_CC=no
ac_cv_type__Bool=yes
ac_cv_type_uintptr_t=yes
acl_cv_hardcode_direct=no
acl_cv_hardcode_libdir_flag_spec='${wl}-rpath ${wl}$libdir'
acl_cv_hardcode_libdir_separator=
acl_cv_hardcode_minus_L=no
acl_cv_libdirstems=lib,lib,lib64
acl_cv_libext=a
acl_cv_libname_spec='lib$name'
acl_cv_library_names_spec='$libname$shrext'
acl_cv_prog_gnu_ld=yes
acl_cv_rpath=done
acl_cv_shlibext=so
acl_cv_wl=-Wl,
am_cv_CCAS_dependencies_compiler_type=gcc3
am_cv_CC_dependencies_compiler_type=gcc3
am_cv_make_support_nested_variables=yes
am_cv_prog_cc_c_o=yes
ax_cv_PTHREAD_CLANG=no
ax_cv_PTHREAD_JOINABLE_ATTR=PTHREAD_CREATE_JOINABLE
ax_cv_PTHREAD_PRIO_INHERIT=yes
ax_cv_PTHREAD_SPECIAL_FLAGS=no
gl_cv_cc_vis_werror=yes
gl_cv_cc_visibility=yes
gl_cv_elf=yes
gl_cv_host_cpu_c_abi_32bit=no
gl_cv_posix_shell=/bin/sh
gt_cv_func_CFLocaleCopyPreferredLanguages=no
gt_cv_func_CFPreferencesCopyAppValue=no
gt_cv_func_gnugettext1_libc=yes
lt_cv_ar_at_file=@
lt_cv_deplibs_check_method=pass_all
lt_cv_file_magic_cmd='$MAGIC_CMD'
lt_cv_file_magic_test_file=
lt_cv_ld_reload_flag=-r
lt_cv_nm_interface='BSD nm'
lt_cv_objdir=.libs
lt_cv_path_LD=/usr/x86_64-pc-linux-gnu/bin/ld
lt_cv_path_NM='/usr/bin/nm -B'
lt_cv_path_mainfest_tool=no
lt_cv_prog_compiler_c_o=yes
lt_cv_prog_compiler_c_o_RC=yes
lt_cv_prog_compiler_pic='-fPIC -DPIC'
lt_cv_prog_compiler_pic_works=yes
lt_cv_prog_compiler_rtti_exceptions=no
lt_cv_prog_compiler_static_works=yes
lt_cv_prog_gnu_ld=yes
lt_cv_sharedlib_from_linklib_cmd='printf %s\n'
lt_cv_shlibpath_overrides_runpath=yes
lt_cv_sys_global_symbol_pipe='/bin/sed -n -e '\''s/^.*[	 ]\([ABCDGIRSTW][ABCDGIRSTW]*\)[	 ][	 ]*\([_A-Za-z][_A-Za-z0-9]*\)$/\1 \2 \2/p'\'' | /bin/sed '\''/ __gnu_lto/d'\'''
lt_cv_sys_global_symbol_to_c_name_address='/bin/sed -n -e '\''s/^: \(.*\) .*$/  {"\1", (void *) 0},/p'\'' -e '\''s/^[ABCDGIRSTW][ABCDGIRSTW]* .* \(.*\)$/  {"\1", (void *) \&\1},/p'\'''
lt_cv_sys_global_symbol_to_c_name_address_lib_prefix='/bin/sed -n -e '\''s/^: \(.*\) .*$/  {"\1", (void *) 0},/p'\'' -e '\''s/^[ABCDGIRSTW][ABCDGIRSTW]* .* \(lib.*\)$/  {"\1", (void *) \&\1},/p'\'' -e '\''s/^[ABCDGIRSTW][ABCDGIRSTW]* .* \(.*\)$/  {"lib\1", (void *) \&\1},/p'\'''
lt_cv_sys_global_symbol_to_cdecl='/bin/sed -n -e '\''s/^T .* \(.*\)$/extern int \1();/p'\'' -e '\''s/^[ABCDGIRSTW][ABCDGIRSTW]* .* \(.*\)$/extern char \1;/p'\'''
lt_cv_sys_global_symbol_to_import=
lt_cv_sys_max_cmd_len=1572864
lt_cv_to_host_file_cmd=func_convert_file_noop
lt_cv_to_tool_file_cmd=func_convert_file_noop
lt_cv_truncate_bin='/bin/dd bs=4096 count=1'
tuklib_cv_cpucores_method=sched_getaffinity
tuklib_cv_physmem_method=sysconf

## ----------------- ##
## Output variables. ##
## ----------------- ##

ACLOCAL='${SHELL} '\''/home/wanderer/Jobs/dsnote-qt6/external/xz/build-aux/missing'\'' aclocal-1.16'
AMDEPBACKSLASH='\'
AMDEP_FALSE='#'
AMDEP_TRUE=''
AMTAR='$${TAR-tar}'
AM_BACKSLASH='\'
AM_CFLAGS=' -pthread -fvisibility=hidden -Wall -Wextra -Wvla -Wc99-c11-compat -Wformat=2 -Winit-self -Wmissing-include-dirs -Wshift-overflow=2 -Wstrict-overflow=3 -Walloc-zero -Wduplicated-cond -Wfloat-equal -Wundef -Wshadow -Wpointer-arith -Wbad-function-cast -Wwrite-strings -Wdate-time -Wsign-conversion -Wfloat-conversion -Wlogical-op -Waggregate-return -Wstrict-prototypes -Wold-style-definition -Wmissing-prototypes -Wmissing-declarations -Wredundant-decls -Wmissing-variable-declarations'
AM_DEFAULT_V='$(AM_DEFAULT_VERBOSITY)'
AM_DEFAULT_VERBOSITY='1'
AM_V='$(V)'
AR='ar'
AS='as'
AUTOCONF='${SHELL} '\''/home/wanderer/Jobs/dsnote-qt6/external/xz/build-aux/missing'\'' autoconf'
AUTOHEADER='${SHELL} '\''/home/wanderer/Jobs/dsnote-qt6/external/xz/build-aux/missing'\'' autoheader'
AUTOMAKE='${SHELL} '\''/home/wanderer/Jobs/dsnote-qt6/external/xz/build-aux/missing'\'' automake-1.16'
AWK='gawk'
CAPSICUM_LIB=''
CC='gcc'
CCAS='gcc'
CCASDEPMODE='depmode=gcc3'
CCASFLAGS='-g -O2'
CCDEPMODE='depmode=gcc3'
CFLAGS='-g -O2'
CFLAG_VISIBILITY='-fvisibility=hidden'
COND_ASM_X86_FALSE=''
COND_ASM_X86_TRUE='#'
COND_CHECK_CRC32_FALSE='#'
COND_CHECK_CRC32_TRUE=''
COND_CHECK_CRC64_FALSE='#'
COND_CHECK_CRC64_TRUE=''
COND_CHECK_SHA256_FALSE='#'
COND_CHECK_SHA256_TRUE=''
COND_DECODER_ARM64_FALSE='#'
COND_DECODER_ARM64_TRUE=''
COND_DECODER_ARMTHUMB_FALSE='#'
COND_DECODER_ARMTHUMB_TRUE=''
COND_DECODER_ARM_FALSE='#'
COND_DECODER_ARM_TRUE=''
COND_DECODER_DELTA_FALSE='#'
COND_DECODER_DELTA_TRUE=''
COND_DECODER_IA64_FALSE='#'
COND_DECODER_IA64_TRUE=''
COND_DECODER_LZMA1_FALSE='#'
COND_DECODER_LZMA1_TRUE=''
COND_DECODER_LZMA2_FALSE='#'
COND_DECODER_LZMA2_TRUE=''
COND_DECODER_LZ_FALSE='#'
COND_DECODER_LZ_TRUE=''
COND_DECODER_POWERPC_FALSE='#'
COND_DECODER_POWERPC_TRUE=''
COND_DECODER_SIMPLE_FALSE='#'
COND_DECODER_SIMPLE_TRUE=''
COND_DECODER_SPARC_FALSE='#'
COND_DECODER_SPARC_TRUE=''
COND_DECODER_X86_FALSE='#'
COND_DECODER_X86_TRUE=''
COND_DOC_FALSE=''
COND_DOC_TRUE='#'
COND_ENCODER_ARM64_FALSE='#'
COND_ENCODER_ARM64_TRUE=''
COND_ENCODER_ARMTHUMB_FALSE='#'
COND_ENCODER_ARMTHUMB_TRUE=''
COND_ENCODER_ARM_FALSE='#'
COND_ENCODER_ARM_TRUE=''
COND_ENCODER_DELTA_FALSE='#'
COND_ENCODER_DELTA_TRUE=''
COND_ENCODER_IA64_FALSE='#'
COND_ENCODER_IA64_TRUE=''
COND_ENCODER_LZMA1_FALSE='#'
COND_ENCODER_LZMA1_TRUE=''
COND_ENCODER_LZMA2_FALSE='#'
COND_ENCODER_LZMA2_TRUE=''
COND_ENCODER_LZ_FALSE='#'
COND_ENCODER_LZ_TRUE=''
COND_ENCODER_POWERPC_FALSE='#'
COND_ENCODER_POWERPC_TRUE=''
COND_ENCODER_SIMPLE_FALSE='#'
COND_ENCODER_SIMPLE_TRUE=''
COND_ENCODER_SPARC_FALSE='#'
COND_ENCODER_SPARC_TRUE=''
COND_ENCODER_X86_FALSE='#'
COND_ENCODER_X86_TRUE=''
COND_FILTER_ARM64_FALSE='#'
COND_FILTER_ARM64_TRUE=''
COND_FILTER_ARMTHUMB_FALSE='#'
COND_FILTER_ARMTHUMB_TRUE=''
COND_FILTER_ARM_FALSE='#'
COND_FILTER_ARM_TRUE=''
COND_FILTER_DELTA_FALSE='#'
COND_FILTER_DELTA_TRUE=''
COND_FILTER_IA64_FALSE='#'
COND_FILTER_IA64_TRUE=''
COND_FILTER_LZMA1_FALSE='#'
COND_FILTER_LZMA1_TRUE=''
COND_FILTER_LZMA2_FALSE='#'
COND_FILTER_LZMA2_TRUE=''
COND_FILTER_LZ_FALSE='#'
COND_FILTER_LZ_TRUE=''
COND_FILTER_POWERPC_FALSE='#'
COND_FILTER_POWERPC_TRUE=''
COND_FILTER_SIMPLE_FALSE='#'
COND_FILTER_SIMPLE_TRUE=''
COND_FILTER_SPARC_FALSE='#'
COND_FILTER_SPARC_TRUE=''
COND_FILTER_X86_FALSE='#'
COND_FILTER_X86_TRUE=''
COND_GNULIB_FALSE=''
COND_GNULIB_TRUE='#'
COND_INTERNAL_SHA256_FALSE='#'
COND_INTERNAL_SHA256_TRUE=''
COND_LZIP_DECODER_FALSE='#'
COND_LZIP_DECODER_TRUE=''
COND_LZMADEC_FALSE=''
COND_LZMADEC_TRUE='#'
COND_LZMAINFO_FALSE=''
COND_LZMAINFO_TRUE='#'
COND_LZMALINKS_FALSE=''
COND_LZMALINKS_TRUE='#'
COND_MAIN_DECODER_FALSE='#'
COND_MAIN_DECODER_TRUE=''
COND_MAIN_ENCODER_FALSE='#'
COND_MAIN_ENCODER_TRUE=''
COND_MICROLZMA_FALSE='#'
COND_MICROLZMA_TRUE=''
COND_SCRIPTS_FALSE=''
COND_SCRIPTS_TRUE='#'
COND_SHARED_FALSE=''
COND_SHARED_TRUE='#'
COND_SMALL_FALSE=''
COND_SMALL_TRUE='#'
COND_SYMVERS_GENERIC_FALSE=''
COND_SYMVERS_GENERIC_TRUE='#'
COND_SYMVERS_LINUX_FALSE=''
COND_SYMVERS_LINUX_TRUE='#'
COND_THREADS_FALSE='#'
COND_THREADS_TRUE=''
COND_W32_FALSE=''
COND_W32_TRUE='#'
COND_XZDEC_FALSE=''
COND_XZDEC_TRUE='#'
COND_XZ_FALSE='#'
COND_XZ_TRUE=''
CPP='gcc -E'
CPPFLAGS=''
CSCOPE='cscope'
CTAGS='ctags'
CYGPATH_W='echo'
DEFS='-DHAVE_CONFIG_H'
DEPDIR='.deps'
DLLTOOL='false'
DSYMUTIL=''
DUMPBIN=''
ECHO_C=''
ECHO_N='-n'
ECHO_T=''
EGREP='/bin/grep -E'
ETAGS='etags'
EXEEXT=''
FGREP='/bin/grep -F'
FILECMD='file'
GETOPT_H=''
GETTEXT_MACRO_VERSION='0.20'
GMSGFMT='/usr/bin/gmsgfmt'
GMSGFMT_015='/usr/bin/gmsgfmt'
GREP='/bin/grep'
HAVE_VISIBILITY='1'
INSTALL_DATA='${INSTALL} -m 644'
INSTALL_PROGRAM='${INSTALL}'
INSTALL_SCRIPT='${INSTALL}'
INSTALL_STRIP_PROGRAM='$(install_sh) -c -s'
INTLLIBS=''
INTL_MACOSX_LIBS=''
LD='/usr/x86_64-pc-linux-gnu/bin/ld -m elf_x86_64'
LDFLAGS=''
LIBICONV='-liconv'
LIBINTL=''
LIBOBJS=''
LIBS=' -lpthread'
LIBTOOL='$(SHELL) $(top_builddir)/libtool'
LIPO=''
LN_EXEEXT='$(EXEEXT)'
LN_S='ln -s'
LTLIBICONV='-liconv'
LTLIBINTL=''
LTLIBOBJS=''
LT_SYS_LIBRARY_PATH=''
MAKEINFO='${SHELL} '\''/home/wanderer/Jobs/dsnote-qt6/external/xz/build-aux/missing'\'' makeinfo'
MANIFEST_TOOL=':'
MKDIR_P='/bin/mkdir -p'
MSGFMT='/usr/bin/msgfmt'
MSGMERGE='/usr/bin/msgmerge'
MSGMERGE_FOR_MSGFMT_OPTION='--for-msgfmt'
NM='/usr/bin/nm -B'
NMEDIT=''
OBJDUMP='objdump'
OBJEXT='o'
OTOOL64=''
OTOOL=''
PACKAGE='xz'
PACKAGE_BUGREPORT='xz@tukaani.org'
PACKAGE_NAME='XZ Utils'
PACKAGE_STRING='XZ Utils 5.4.2'
PACKAGE_TARNAME='xz'
PACKAGE_URL='https://tukaani.org/xz/'
PACKAGE_VERSION='5.4.2'
PATH_SEPARATOR=':'
POSIX_SHELL='/bin/sh'
POSUB='po'
PREFERABLY_POSIX_SHELL='/bin/sh'
PTHREAD_CC='gcc'
PTHREAD_CFLAGS='-pthread'
PTHREAD_CXX=''
PTHREAD_LIBS='-lpthread'
RANLIB='ranlib'
RC=''
SED='/bin/sed'
SET_MAKE=''
SHELL='/bin/sh'
STRIP='strip'
USE_NLS='yes'
VERSION='5.4.2'
XGETTEXT='/usr/bin/xgettext'
XGETTEXT_015='/usr/bin/xgettext'
XGETTEXT_EXTRA_OPTIONS=''
ac_ct_AR='ar'
ac_ct_CC='gcc'
ac_ct_DUMPBIN=''
am__EXEEXT_FALSE=''
am__EXEEXT_TRUE='#'
am__fastdepCCAS_FALSE='#'
am__fastdepCCAS_TRUE=''
am__fastdepCC_FALSE='#'
am__fastdepCC_TRUE=''
am__include='include'
am__isrc=' -I$(srcdir)'
am__leading_dot='.'
am__nodep='_no'
am__quote=''
am__tar='$${TAR-tar} chof - "$$tardir"'
am__untar='$${TAR-tar} xf -'
ax_pthread_config=''
bindir='${exec_prefix}/bin'
build='x86_64-pc-linux-gnu'
build_alias=''
build_cpu='x86_64'
build_os='linux-gnu'
build_vendor='pc'
datadir='${datarootdir}'
datarootdir='${prefix}/share'
docdir='${datarootdir}/doc/${PACKAGE_TARNAME}'
dvidir='${docdir}'
enable_path_for_scripts=''
exec_prefix='${prefix}'
host='x86_64-pc-linux-gnu'
host_alias=''
host_cpu='x86_64'
host_os='linux-gnu'
host_vendor='pc'
htmldir='${docdir}'
includedir='${prefix}/include'
infodir='${datarootdir}/info'
install_sh='${SHELL} /home/wanderer/Jobs/dsnote-qt6/external/xz/build-aux/install-sh'
libdir='/home/wanderer/Jobs/dsnote-qt6/build/external/lib'
libexecdir='${exec_prefix}/libexec'
localedir='${datarootdir}/locale'
localstatedir='${prefix}/var'
mandir='${datarootdir}/man'
mkdir_p='$(MKDIR_P)'
oldincludedir='/usr/include'
pdfdir='${docdir}'
prefix='/home/wanderer/Jobs/dsnote-qt6/build/external'
program_transform_name='s,x,x,'
psdir='${docdir}'
runstatedir='${localstatedir}/run'
sbindir='${exec_prefix}/sbin'
sharedstatedir='${prefix}/com'
sysconfdir='${prefix}/etc'
target_alias=''
xz='xz'

## ----------- ##
## confdefs.h. ##
## ----------- ##

/* confdefs.h */
#define PACKAGE_NAME "XZ Utils"
#define PACKAGE_TARNAME "xz"
#define PACKAGE_VERSION "5.4.2"
#define PACKAGE_STRING "XZ Utils 5.4.2"
#define PACKAGE_BUGREPORT "xz@tukaani.org"
#define PACKAGE_URL "https://tukaani.org/xz/"
#define NDEBUG 1
#define HAVE_ENCODER_LZMA1 1
#define HAVE_ENCODER_LZMA2 1
#define HAVE_ENCODER_DELTA 1
#define HAVE_ENCODER_X86 1
#define HAVE_ENCODER_POWERPC 1
#define HAVE_ENCODER_IA64 1
#define HAVE_ENCODER_ARM 1
#define HAVE_ENCODER_ARMTHUMB 1
#define HAVE_ENCODER_ARM64 1
#define HAVE_ENCODER_SPARC 1
#define HAVE_ENCODERS 1
#define HAVE_DECODER_LZMA1 1
#define HAVE_DECODER_LZMA2 1
#define HAVE_DECODER_DELTA 1
#define HAVE_DECODER_X86 1
#define HAVE_DECODER_POWERPC 1
#define HAVE_DECODER_IA64 1
#define HAVE_DECODER_ARM 1
#define HAVE_DECODER_ARMTHUMB 1
#define HAVE_DECODER_ARM64 1
#define HAVE_DECODER_SPARC 1
#define HAVE_DECODERS 1
#define HAVE_MF_HC3 1
#define HAVE_MF_HC4 1
#define HAVE_MF_BT2 1
#define HAVE_MF_BT3 1
#define HAVE_MF_BT4 1
#define HAVE_CHECK_CRC32 1
#define HAVE_CHECK_CRC64 1
#define HAVE_CHECK_SHA256 1
#define HAVE_LZIP_DECODER 1
#define ASSUME_RAM 128
#define PACKAGE "xz"
#define VERSION "5.4.2"
#define HAVE_STDIO_H 1
#define HAVE_STDLIB_H 1
#define HAVE_STRING_H 1
#define HAVE_INTTYPES_H 1
#define HAVE_STDINT_H 1
#define HAVE_STRINGS_H 1
#define HAVE_SYS_STAT_H 1
#define HAVE_SYS_TYPES_H 1
#define HAVE_UNISTD_H 1
#define HAVE_WCHAR_H 1
#define STDC_HEADERS 1
#define _ALL_SOURCE 1
#define _DARWIN_C_SOURCE 1
#define _GNU_SOURCE 1
#define _HPUX_ALT_XOPEN_SOCKET_API 1
#define _NETBSD_SOURCE 1
#define _OPENBSD_SOURCE 1
#define _POSIX_PTHREAD_SEMANTICS 1
#define __STDC_WANT_IEC_60559_ATTRIBS_EXT__ 1
#define __STDC_WANT_IEC_60559_BFP_EXT__ 1
#define __STDC_WANT_IEC_60559_DFP_EXT__ 1
#define __STDC_WANT_IEC_60559_FUNCS_EXT__ 1
#define __STDC_WANT_IEC_60559_TYPES_EXT__ 1
#define __STDC_WANT_LIB_EXT2__ 1
#define __STDC_WANT_MATH_SPEC_FUNCS__ 1
#define _TANDEM_SOURCE 1
#define __EXTENSIONS__ 1
#define HAVE_PTHREAD_PRIO_INHERIT 1
#define MYTHREAD_POSIX 1
#define HAVE_CLOCK_GETTIME 1
#define HAVE_PTHREAD_CONDATTR_SETCLOCK 1
#define HAVE_CLOCK_MONOTONIC 1
#define HAVE_DLFCN_H 1
#define LT_OBJDIR ".libs/"
#define ENABLE_NLS 1
#define HAVE_GETTEXT 1
#define HAVE_DCGETTEXT 1
#define HAVE_FCNTL_H 1
#define HAVE_LIMITS_H 1
#define HAVE_SYS_TIME_H 1
#define HAVE_IMMINTRIN_H 1
#define HAVE_CPUID_H 1
#define HAVE__BOOL 1
#define HAVE_UINTPTR_T 1
#define SIZEOF_SIZE_T 8
#define HAVE_STRUCT_STAT_ST_ATIM_TV_NSEC 1
#define HAVE_FUNC_ATTRIBUTE_CONSTRUCTOR 1
#define HAVE_GETOPT_H 1
#define HAVE_GETOPT_LONG 1
#define HAVE_FUTIMENS 1
#define HAVE_POSIX_FADVISE 1
#define HAVE_PROGRAM_INVOCATION_NAME 1
#define HAVE___BUILTIN_BSWAPXX 1
#define TUKLIB_FAST_UNALIGNED_ACCESS 1
#define HAVE___BUILTIN_ASSUME_ALIGNED 1
#define HAVE_SYS_PARAM_H 1
#define TUKLIB_PHYSMEM_SYSCONF 1
#define HAVE_SYS_PARAM_H 1
#define TUKLIB_CPUCORES_SCHED_GETAFFINITY 1
#define HAVE_MBRTOWC 1
#define HAVE_WCWIDTH 1
#define HAVE__MM_MOVEMASK_EPI8 1
#define HAVE_USABLE_CLMUL 1
#define HAVE_VISIBILITY 1

configure: exit 0
